id,field_45,field_45_raw,field_46,field_46_raw,field_47,field_47_raw,field_48,field_48_raw,field_49_raw,field_49,field_50_raw,field_50,field_134_raw,field_134,field_135_raw,field_135,field_51,field_51_raw,field_54,field_54_raw,field_55,field_55_raw,field_140,field_140_raw,field_57,field_57_raw,field_141,field_141_raw,field_59,field_59_raw,field_60,field_60_raw,field_174,field_174_raw
695c32d5713127c9646e996e,2011-light-bearing-quick-draw-holster-with-magazin,2011-light-bearing-quick-draw-holster-with-magazin,2011LIGH-014,2011LIGH-014,2011战斗大师快拔枪套带灯下挂战术手电UDL P8M N8弹夹套TTI塔兰-淘宝网,2011战斗大师快拔枪套带灯下挂战术手电UDL P8M N8弹夹套TTI塔兰-淘宝网,2011战斗大师快拔枪套带灯下挂战术手电UDL P8M N8弹夹套TTI塔兰-淘宝网,2011战斗大师快拔枪套带灯下挂战术手电UDL P8M N8弹夹套TTI塔兰-淘宝网,,,,,,,,,Archive,Archive,Yes,True,"<a href=""https://&lt;a href=&quot;https://item.taobao.com/item.htm?_u=o20bch12k1cb20&amp;id=709022174805&amp;spm=a1z09.2.0.0.60532e8ddrfDyH&quot;&gt;https://item.taobao.com/item.htm?_u=o20bch12k1cb20&amp;id=709022174805&amp;spm=a1z09.2.0.0.60532e8ddrfDyH&lt;/a&gt;""><a href=""https://item.taobao.com/item.htm?_u=o20bch12k1cb20&id=709022174805&spm=a1z09.2.0.0.60532e8ddrfDyH"">https://item.taobao.com/item.htm?_u=o20bch12k1cb20&id=709022174805&spm=a1z09.2.0.0.60532e8ddrfDyH</a></a>","{'url': '<a href=""https://item.taobao.com/item.htm?_u=o20bch12k1cb20&id=709022174805&spm=a1z09.2.0.0.60532e8ddrfDyH"">https://item.taobao.com/item.htm?_u=o20bch12k1cb20&id=709022174805&spm=a1z09.2.0.0.60532e8ddrfDyH</a>', 'label': None}",,,/images/2011-light-bearing-quick-draw-holster-with-magazin-Main.jpg,/images/2011-light-bearing-quick-draw-holster-with-magazin-Main.jpg,,,01/05/2026 16:53,"{'date': '01/05/2026', 'date_formatted': '01/05/2026', 'hours': '04', 'minutes': '53', 'am_pm': 'PM', 'unix_timestamp': 1767631980000, 'iso_timestamp': '2026-01-05T16:53:00.000Z', 'timestamp': '01/05/2026 04:53 pm', 'time': 1013, 'time_formatted': '16:53', 'proper_unix_timestamp': 1767649980000, 'proper_iso_timestamp': '2026-01-05T21:53:00.000Z'}",01/05/2026 16:53,"{'date': '01/05/2026', 'date_formatted': '01/05/2026', 'hours': '04', 'minutes': '53', 'am_pm': 'PM', 'unix_timestamp': 1767631980000, 'iso_timestamp': '2026-01-05T16:53:00.000Z', 'timestamp': '01/05/2026 04:53 pm', 'time': 1013, 'time_formatted': '16:53', 'proper_unix_timestamp': 1767649980000, 'proper_iso_timestamp': '2026-01-05T21:53:00.000Z'}",No,False
695c32d7fc2883b5640f6898,556-762-magazine-pouch-rigid-retention-insert,556-762-magazine-pouch-rigid-retention-insert,556762MA-016,556762MA-016,MAG内置弹夹袋快拔固定板工具附件包战术背心5.56/7.62硬质内衬板-淘宝网,MAG内置弹夹袋快拔固定板工具附件包战术背心5.56/7.62硬质内衬板-淘宝网,MAG内置弹夹袋快拔固定板工具附件包战术背心5.56/7.62硬质内衬板-淘宝网,MAG内置弹夹袋快拔固定板工具附件包战术背心5.56/7.62硬质内衬板-淘宝网,,,,,,,,,Archive,Archive,Yes,True,"<a href=""https://&lt;a href=&quot;https://item.taobao.com/item.htm?_u=o20bch12k17acc&amp;id=940910394002&amp;spm=a1z09.2.0.0.60532e8ddrfDyH&quot;&gt;https://item.taobao.com/item.htm?_u=o20bch12k17acc&amp;id=940910394002&amp;spm=a1z09.2.0.0.60532e8ddrfDyH&lt;/a&gt;""><a href=""https://item.taobao.com/item.htm?_u=o20bch12k17acc&id=940910394002&spm=a1z09.2.0.0.60532e8ddrfDyH"">https://item.taobao.com/item.htm?_u=o20bch12k17acc&id=940910394002&spm=a1z09.2.0.0.60532e8ddrfDyH</a></a>","{'url': '<a href=""https://item.taobao.com/item.htm?_u=o20bch12k17acc&id=940910394002&spm=a1z09.2.0.0.60532e8ddrfDyH"">https://item.taobao.com/item.htm?_u=o20bch12k17acc&id=940910394002&spm=a1z09.2.0.0.60532e8ddrfDyH</a>', 'label': None}",,,/images/556-762-magazine-pouch-rigid-retention-insert-Main.jpg,/images/556-762-magazine-pouch-rigid-retention-insert-Main.jpg,,,01/05/2026 16:53,"{'date': '01/05/2026', 'date_formatted': '01/05/2026', 'hours': '04', 'minutes': '53', 'am_pm': 'PM', 'unix_timestamp': 1767631980000, 'iso_timestamp': '2026-01-05T16:53:00.000Z', 'timestamp': '01/05/2026 04:53 pm', 'time': 1013, 'time_formatted': '16:53', 'proper_unix_timestamp': 1767649980000, 'proper_iso_timestamp': '2026-01-05T21:53:00.000Z'}",01/05/2026 16:53,"{'date': '01/05/2026', 'date_formatted': '01/05/2026', 'hours': '04', 'minutes': '53', 'am_pm': 'PM', 'unix_timestamp': 1767631980000, 'iso_timestamp': '2026-01-05T16:53:00.000Z', 'timestamp': '01/05/2026 04:53 pm', 'time': 1013, 'time_formatted': '16:53', 'proper_unix_timestamp': 1767649980000, 'proper_iso_timestamp': '2026-01-05T21:53:00.000Z'}",No,False
695c32d8e3d1a0c37196f8e6,6094cs-,6094cs-,6094CS-001,6094CS-001,6094战术背心战术马甲CS 户外野营组合背心 战狼野战作训战术背心-淘宝网,6094战术背心战术马甲CS 户外野营组合背心 战狼野战作训战术背心-淘宝网,6094战术背心战术马甲CS 户外野营组合背心 战狼野战作训战术背心-淘宝网,6094战术背心战术马甲CS 户外野营组合背心 战狼野战作训战术背心-淘宝网,,,,,,,,,Archive,Archive,Yes,True,"<a href=""https://&lt;a href=&quot;https://item.taobao.com/item.htm?from=cart&amp;id=719244198696&amp;mi_id=00001vTYijl0U83yyU_evtt_lS2GW4b5IUKC_5zSBHYMbKU&amp;skuId=5016127281643&amp;upStreamPrice=5690&quot;&gt;https://item.taobao.com/item.htm?from=cart&amp;id=719244198696&amp;mi_id=00001vTYijl0U83yyU_evtt_lS2GW4b5IUKC_5zSBHYMbKU&amp;skuId=5016127281643&amp;upStreamPrice=5690&lt;/a&gt;""><a href=""https://item.taobao.com/item.htm?from=cart&id=719244198696&mi_id=00001vTYijl0U83yyU_evtt_lS2GW4b5IUKC_5zSBHYMbKU&skuId=5016127281643&upStreamPrice=5690"">https://item.taobao.com/item.htm?from=cart&id=719244198696&mi_id=00001vTYijl0U83yyU_evtt_lS2GW4b5IUKC_5zSBHYMbKU&skuId=5016127281643&upStreamPrice=5690</a></a>","{'url': '<a href=""https://item.taobao.com/item.htm?from=cart&id=719244198696&mi_id=00001vTYijl0U83yyU_evtt_lS2GW4b5IUKC_5zSBHYMbKU&skuId=5016127281643&upStreamPrice=5690"">https://item.taobao.com/item.htm?from=cart&id=719244198696&mi_id=00001vTYijl0U83yyU_evtt_lS2GW4b5IUKC_5zSBHYMbKU&skuId=5016127281643&upStreamPrice=5690</a>', 'label': None}",,,"/images/6094cs----Main.jpg,/images/6094cs--Main.jpg","/images/6094cs----Main.jpg,/images/6094cs--Main.jpg",,,01/05/2026 16:53,"{'date': '01/05/2026', 'date_formatted': '01/05/2026', 'hours': '04', 'minutes': '53', 'am_pm': 'PM', 'unix_timestamp': 1767631980000, 'iso_timestamp': '2026-01-05T16:53:00.000Z', 'timestamp': '01/05/2026 04:53 pm', 'time': 1013, 'time_formatted': '16:53', 'proper_unix_timestamp': 1767649980000, 'proper_iso_timestamp': '2026-01-05T21:53:00.000Z'}",01/05/2026 16:53,"{'date': '01/05/2026', 'date_formatted': '01/05/2026', 'hours': '04', 'minutes': '53', 'am_pm': 'PM', 'unix_timestamp': 1767631980000, 'iso_timestamp': '2026-01-05T16:53:00.000Z', 'timestamp': '01/05/2026 04:53 pm', 'time': 1013, 'time_formatted': '16:53', 'proper_unix_timestamp': 1767649980000, 'proper_iso_timestamp': '2026-01-05T21:53:00.000Z'}",No,False
695c32d94e794334fd502205,974743803214,974743803214,,,"Tactical New White 8-Piece Set (Security Patrol Duty Belt, Quick Release Locking Holster)","Tactical New White 8-Piece Set (Security Patrol Duty Belt, Quick Release Locking Holster)",战术新白色八件套装安保巡逻外腰带腰封多功能快拆带锁快拔套执勤,战术新白色八件套装安保巡逻外腰带腰封多功能快拆带锁快拔套执勤,,,,,,,,,Archive,Archive,Yes,True,"<a href=""https://&lt;a href=&quot;https://item.taobao.com/item.htm?id=974743803214&quot;&gt;https://item.taobao.com/item.htm?id=974743803214&lt;/a&gt;""><a href=""https://item.taobao.com/item.htm?id=974743803214"">https://item.taobao.com/item.htm?id=974743803214</a></a>","{'url': '<a href=""https://item.taobao.com/item.htm?id=974743803214"">https://item.taobao.com/item.htm?id=974743803214</a>', 'label': None}",,,,,,,01/05/2026 16:53,"{'date': '01/05/2026', 'date_formatted': '01/05/2026', 'hours': '04', 'minutes': '53', 'am_pm': 'PM', 'unix_timestamp': 1767631980000, 'iso_timestamp': '2026-01-05T16:53:00.000Z', 'timestamp': '01/05/2026 04:53 pm', 'time': 1013, 'time_formatted': '16:53', 'proper_unix_timestamp': 1767649980000, 'proper_iso_timestamp': '2026-01-05T21:53:00.000Z'}",01/05/2026 16:53,"{'date': '01/05/2026', 'date_formatted': '01/05/2026', 'hours': '04', 'minutes': '53', 'am_pm': 'PM', 'unix_timestamp': 1767631980000, 'iso_timestamp': '2026-01-05T16:53:00.000Z', 'timestamp': '01/05/2026 04:53 pm', 'time': 1013, 'time_formatted': '16:53', 'proper_unix_timestamp': 1767649980000, 'proper_iso_timestamp': '2026-01-05T21:53:00.000Z'}",No,False
695c32d9f2f2b855f35d6ba2,aluminum-rail-mount-for-peq-flashlight-pressure-sw,aluminum-rail-mount-for-peq-flashlight-pressure-sw,ALUMINUM-015,ALUMINUM-015,ARSON MACHINE电筒PEQ鼠尾开关金属卡槽导轨固定器线夹铝制导线-淘宝网,ARSON MACHINE电筒PEQ鼠尾开关金属卡槽导轨固定器线夹铝制导线-淘宝网,ARSON MACHINE电筒PEQ鼠尾开关金属卡槽导轨固定器线夹铝制导线-淘宝网,ARSON MACHINE电筒PEQ鼠尾开关金属卡槽导轨固定器线夹铝制导线-淘宝网,,,,,,,,,Archive,Archive,Yes,True,"<a href=""https://&lt;a href=&quot;https://item.taobao.com/item.htm?_u=o20bch12k10156&amp;id=890198613762&amp;spm=a1z09.2.0.0.60532e8ddrfDyH&quot;&gt;https://item.taobao.com/item.htm?_u=o20bch12k10156&amp;id=890198613762&amp;spm=a1z09.2.0.0.60532e8ddrfDyH&lt;/a&gt;""><a href=""https://item.taobao.com/item.htm?_u=o20bch12k10156&id=890198613762&spm=a1z09.2.0.0.60532e8ddrfDyH"">https://item.taobao.com/item.htm?_u=o20bch12k10156&id=890198613762&spm=a1z09.2.0.0.60532e8ddrfDyH</a></a>","{'url': '<a href=""https://item.taobao.com/item.htm?_u=o20bch12k10156&id=890198613762&spm=a1z09.2.0.0.60532e8ddrfDyH"">https://item.taobao.com/item.htm?_u=o20bch12k10156&id=890198613762&spm=a1z09.2.0.0.60532e8ddrfDyH</a>', 'label': None}",,,/images/aluminum-rail-mount-for-peq-flashlight-pressure-sw-Main.jpg,/images/aluminum-rail-mount-for-peq-flashlight-pressure-sw-Main.jpg,,,01/05/2026 16:53,"{'date': '01/05/2026', 'date_formatted': '01/05/2026', 'hours': '04', 'minutes': '53', 'am_pm': 'PM', 'unix_timestamp': 1767631980000, 'iso_timestamp': '2026-01-05T16:53:00.000Z', 'timestamp': '01/05/2026 04:53 pm', 'time': 1013, 'time_formatted': '16:53', 'proper_unix_timestamp': 1767649980000, 'proper_iso_timestamp': '2026-01-05T21:53:00.000Z'}",01/05/2026 16:53,"{'date': '01/05/2026', 'date_formatted': '01/05/2026', 'hours': '04', 'minutes': '53', 'am_pm': 'PM', 'unix_timestamp': 1767631980000, 'iso_timestamp': '2026-01-05T16:53:00.000Z', 'timestamp': '01/05/2026 04:53 pm', 'time': 1013, 'time_formatted': '16:53', 'proper_unix_timestamp': 1767649980000, 'proper_iso_timestamp': '2026-01-05T21:53:00.000Z'}",No,False
695c32daf2f2b855f35d6f82,ambidextrous-universal-light-bearing-holster-for-g,ambidextrous-universal-light-bearing-holster-for-g,AMBIDEXT-005,AMBIDEXT-005,左右手转换快拔枪套 G17 G19 2011 VP9 P320带下挂万用型导轨枪套-淘宝网,左右手转换快拔枪套 G17 G19 2011 VP9 P320带下挂万用型导轨枪套-淘宝网,左右手转换快拔枪套 G17 G19 2011 VP9 P320带下挂万用型导轨枪套-淘宝网,左右手转换快拔枪套 G17 G19 2011 VP9 P320带下挂万用型导轨枪套-淘宝网,,,,,,,,,Archive,Archive,Yes,True,"<a href=""https://&lt;a href=&quot;https://item.taobao.com/item.htm?from=cart&amp;id=708088774060&amp;mi_id=00000Dl6Yto0A-QIVlqXsg56sBv96wXXlL80VCMH2b_Um5U&amp;skuId=5000133305622&amp;spm=a1z0d.6639537%2F202410.item.d708088774060.5b4b74841fAyC5&amp;upStreamPrice=5900&quot;&gt;https://item.taobao.com/item.htm?from=cart&amp;id=708088774060&amp;mi_id=00000Dl6Yto0A-QIVlqXsg56sBv96wXXlL80VCMH2b_Um5U&amp;skuId=5000133305622&amp;spm=a1z0d.6639537%2F202410.item.d708088774060.5b4b74841fAyC5&amp;upStreamPrice=5900&lt;/a&gt;""><a href=""https://item.taobao.com/item.htm?from=cart&id=708088774060&mi_id=00000Dl6Yto0A-QIVlqXsg56sBv96wXXlL80VCMH2b_Um5U&skuId=5000133305622&spm=a1z0d.6639537%2F202410.item.d708088774060.5b4b74841fAyC5&upStreamPrice=5900"">https://item.taobao.com/item.htm?from=cart&id=708088774060&mi_id=00000Dl6Yto0A-QIVlqXsg56sBv96wXXlL80VCMH2b_Um5U&skuId=5000133305622&spm=a1z0d.6639537%2F202410.item.d708088774060.5b4b74841fAyC5&upStreamPrice=5900</a></a>","{'url': '<a href=""https://item.taobao.com/item.htm?from=cart&id=708088774060&mi_id=00000Dl6Yto0A-QIVlqXsg56sBv96wXXlL80VCMH2b_Um5U&skuId=5000133305622&spm=a1z0d.6639537%2F202410.item.d708088774060.5b4b74841fAyC5&upStreamPrice=5900"">https://item.taobao.com/item.htm?from=cart&id=708088774060&mi_id=00000Dl6Yto0A-QIVlqXsg56sBv96wXXlL80VCMH2b_Um5U&skuId=5000133305622&spm=a1z0d.6639537%2F202410.item.d708088774060.5b4b74841fAyC5&upStreamPrice=5900</a>', 'label': None}",,,/images/ambidextrous-universal-light-bearing-holster-for-g-Main.jpg,/images/ambidextrous-universal-light-bearing-holster-for-g-Main.jpg,,,01/05/2026 16:53,"{'date': '01/05/2026', 'date_formatted': '01/05/2026', 'hours': '04', 'minutes': '53', 'am_pm': 'PM', 'unix_timestamp': 1767631980000, 'iso_timestamp': '2026-01-05T16:53:00.000Z', 'timestamp': '01/05/2026 04:53 pm', 'time': 1013, 'time_formatted': '16:53', 'proper_unix_timestamp': 1767649980000, 'proper_iso_timestamp': '2026-01-05T21:53:00.000Z'}",01/05/2026 16:53,"{'date': '01/05/2026', 'date_formatted': '01/05/2026', 'hours': '04', 'minutes': '53', 'am_pm': 'PM', 'unix_timestamp': 1767631980000, 'iso_timestamp': '2026-01-05T16:53:00.000Z', 'timestamp': '01/05/2026 04:53 pm', 'time': 1013, 'time_formatted': '16:53', 'proper_unix_timestamp': 1767649980000, 'proper_iso_timestamp': '2026-01-05T21:53:00.000Z'}",No,False
695c32dacd0d75273909b531,c3c5-,c3c5-,C3C5-003,C3C5-003,C3战术耳机头盔款拾音降噪耳机通讯设备耳麦户外耳罩C5后翻支架-淘宝网,C3战术耳机头盔款拾音降噪耳机通讯设备耳麦户外耳罩C5后翻支架-淘宝网,C3战术耳机头盔款拾音降噪耳机通讯设备耳麦户外耳罩C5后翻支架-淘宝网,C3战术耳机头盔款拾音降噪耳机通讯设备耳麦户外耳罩C5后翻支架-淘宝网,,,,,,,,,Archive,Archive,Yes,True,"<a href=""https://&lt;a href=&quot;https://item.taobao.com/item.htm?abbucket=10&amp;id=745631978766&amp;mi_id=0000XM-VeiSPZrOJ13BolUMJFGnTLgxuf7fPdv5ApocYDsQ&amp;ns=1&amp;priceTId=215040d517651356972174347e1f0d&amp;skuId=5144105681681&amp;utparam=%7B%22aplus_abtest%22:%226116ca04a729fad4f35b12aefe30303d%22%7D&amp;xxc=taobaoSearch&quot;&gt;https://item.taobao.com/item.htm?abbucket=10&amp;id=745631978766&amp;mi_id=0000XM-VeiSPZrOJ13BolUMJFGnTLgxuf7fPdv5ApocYDsQ&amp;ns=1&amp;priceTId=215040d517651356972174347e1f0d&amp;skuId=5144105681681&amp;utparam=%7B%22aplus_abtest%22:%226116ca04a729fad4f35b12aefe30303d%22%7D&amp;xxc=taobaoSearch&lt;/a&gt;""><a href=""https://item.taobao.com/item.htm?abbucket=10&id=745631978766&mi_id=0000XM-VeiSPZrOJ13BolUMJFGnTLgxuf7fPdv5ApocYDsQ&ns=1&priceTId=215040d517651356972174347e1f0d&skuId=5144105681681&utparam=%7B%22aplus_abtest%22:%226116ca04a729fad4f35b12aefe30303d%22%7D&xxc=taobaoSearch"">https://item.taobao.com/item.htm?abbucket=10&id=745631978766&mi_id=0000XM-VeiSPZrOJ13BolUMJFGnTLgxuf7fPdv5ApocYDsQ&ns=1&priceTId=215040d517651356972174347e1f0d&skuId=5144105681681&utparam=%7B%22aplus_abtest%22:%226116ca04a729fad4f35b12aefe30303d%22%7D&xxc=taobaoSearch</a></a>","{'url': '<a href=""https://item.taobao.com/item.htm?abbucket=10&id=745631978766&mi_id=0000XM-VeiSPZrOJ13BolUMJFGnTLgxuf7fPdv5ApocYDsQ&ns=1&priceTId=215040d517651356972174347e1f0d&skuId=5144105681681&utparam=%7B%22aplus_abtest%22:%226116ca04a729fad4f35b12aefe30303d%22%7D&xxc=taobaoSearch"">https://item.taobao.com/item.htm?abbucket=10&id=745631978766&mi_id=0000XM-VeiSPZrOJ13BolUMJFGnTLgxuf7fPdv5ApocYDsQ&ns=1&priceTId=215040d517651356972174347e1f0d&skuId=5144105681681&utparam=%7B%22aplus_abtest%22:%226116ca04a729fad4f35b12aefe30303d%22%7D&xxc=taobaoSearch</a>', 'label': None}",,,/images/c3c5--Main.jpg,/images/c3c5--Main.jpg,,,01/05/2026 16:53,"{'date': '01/05/2026', 'date_formatted': '01/05/2026', 'hours': '04', 'minutes': '53', 'am_pm': 'PM', 'unix_timestamp': 1767631980000, 'iso_timestamp': '2026-01-05T16:53:00.000Z', 'timestamp': '01/05/2026 04:53 pm', 'time': 1013, 'time_formatted': '16:53', 'proper_unix_timestamp': 1767649980000, 'proper_iso_timestamp': '2026-01-05T21:53:00.000Z'}",01/05/2026 16:53,"{'date': '01/05/2026', 'date_formatted': '01/05/2026', 'hours': '04', 'minutes': '53', 'am_pm': 'PM', 'unix_timestamp': 1767631980000, 'iso_timestamp': '2026-01-05T16:53:00.000Z', 'timestamp': '01/05/2026 04:53 pm', 'time': 1013, 'time_formatted': '16:53', 'proper_unix_timestamp': 1767649980000, 'proper_iso_timestamp': '2026-01-05T21:53:00.000Z'}",No,False
695c32dbc71160ba194aa001,camouflage-helmet-counterweight-pouch-for-pvs-31-b,camouflage-helmet-counterweight-pouch-for-pvs-31-b,CAMOUFLA-027,CAMOUFLA-027,WoSporT K系列头盔电池迷彩副包 兼容盔布PVS-31电池配件配重副包-淘宝网,WoSporT K系列头盔电池迷彩副包 兼容盔布PVS-31电池配件配重副包-淘宝网,WoSporT K系列头盔电池迷彩副包 兼容盔布PVS-31电池配件配重副包-淘宝网,WoSporT K系列头盔电池迷彩副包 兼容盔布PVS-31电池配件配重副包-淘宝网,,,,,,,,,Archive,Archive,Yes,True,"<a href=""https://&lt;a href=&quot;https://item.taobao.com/item.htm?from=cart&amp;id=814126590282&amp;mi_id=0000CBdlZtYyOupJplHdOyzW6aDVL6nCFH1Cy7k-WZuyzb4&amp;skuId=5676963518403&amp;spm=a1z0d.6639537%2F202410.item.d814126590282.bb3974849IjuHR&amp;upStreamPrice=4500&quot;&gt;https://item.taobao.com/item.htm?from=cart&amp;id=814126590282&amp;mi_id=0000CBdlZtYyOupJplHdOyzW6aDVL6nCFH1Cy7k-WZuyzb4&amp;skuId=5676963518403&amp;spm=a1z0d.6639537%2F202410.item.d814126590282.bb3974849IjuHR&amp;upStreamPrice=4500&lt;/a&gt;""><a href=""https://item.taobao.com/item.htm?from=cart&id=814126590282&mi_id=0000CBdlZtYyOupJplHdOyzW6aDVL6nCFH1Cy7k-WZuyzb4&skuId=5676963518403&spm=a1z0d.6639537%2F202410.item.d814126590282.bb3974849IjuHR&upStreamPrice=4500"">https://item.taobao.com/item.htm?from=cart&id=814126590282&mi_id=0000CBdlZtYyOupJplHdOyzW6aDVL6nCFH1Cy7k-WZuyzb4&skuId=5676963518403&spm=a1z0d.6639537%2F202410.item.d814126590282.bb3974849IjuHR&upStreamPrice=4500</a></a>","{'url': '<a href=""https://item.taobao.com/item.htm?from=cart&id=814126590282&mi_id=0000CBdlZtYyOupJplHdOyzW6aDVL6nCFH1Cy7k-WZuyzb4&skuId=5676963518403&spm=a1z0d.6639537%2F202410.item.d814126590282.bb3974849IjuHR&upStreamPrice=4500"">https://item.taobao.com/item.htm?from=cart&id=814126590282&mi_id=0000CBdlZtYyOupJplHdOyzW6aDVL6nCFH1Cy7k-WZuyzb4&skuId=5676963518403&spm=a1z0d.6639537%2F202410.item.d814126590282.bb3974849IjuHR&upStreamPrice=4500</a>', 'label': None}",,,/images/camouflage-helmet-counterweight-pouch-for-pvs-31-b-Main.jpg,/images/camouflage-helmet-counterweight-pouch-for-pvs-31-b-Main.jpg,,,01/05/2026 16:53,"{'date': '01/05/2026', 'date_formatted': '01/05/2026', 'hours': '04', 'minutes': '53', 'am_pm': 'PM', 'unix_timestamp': 1767631980000, 'iso_timestamp': '2026-01-05T16:53:00.000Z', 'timestamp': '01/05/2026 04:53 pm', 'time': 1013, 'time_formatted': '16:53', 'proper_unix_timestamp': 1767649980000, 'proper_iso_timestamp': '2026-01-05T21:53:00.000Z'}",01/05/2026 16:53,"{'date': '01/05/2026', 'date_formatted': '01/05/2026', 'hours': '04', 'minutes': '53', 'am_pm': 'PM', 'unix_timestamp': 1767631980000, 'iso_timestamp': '2026-01-05T16:53:00.000Z', 'timestamp': '01/05/2026 04:53 pm', 'time': 1013, 'time_formatted': '16:53', 'proper_unix_timestamp': 1767649980000, 'proper_iso_timestamp': '2026-01-05T21:53:00.000Z'}",No,False
695c32db4e794334fd5045dc,clay-the-claymore-plushie,clay-the-claymore-plushie,CLAYTHEC-003,CLAYTHEC-003,跨境新品Clay the Claymore呆萌小方块毛绒公仔节日赠礼好物-淘宝网,跨境新品Clay the Claymore呆萌小方块毛绒公仔节日赠礼好物-淘宝网,跨境新品Clay the Claymore呆萌小方块毛绒公仔节日赠礼好物-淘宝网,跨境新品Clay the Claymore呆萌小方块毛绒公仔节日赠礼好物-淘宝网,,,,,,,,,Archive,Archive,Yes,True,"<a href=""https://&lt;a href=&quot;https://item.taobao.com/item.htm?from=cart&amp;id=914138043076&amp;mi_id=0000LZZAyY7y9rcY9bYKwnCZN9MsPefkkGQs-qxIJfgCs30&amp;skuId=5779984244599&amp;spm=a1z0d.6639537%2F202410.item.d914138043076.5b4b74841fAyC5&amp;upStreamPrice=2380&quot;&gt;https://item.taobao.com/item.htm?from=cart&amp;id=914138043076&amp;mi_id=0000LZZAyY7y9rcY9bYKwnCZN9MsPefkkGQs-qxIJfgCs30&amp;skuId=5779984244599&amp;spm=a1z0d.6639537%2F202410.item.d914138043076.5b4b74841fAyC5&amp;upStreamPrice=2380&lt;/a&gt;""><a href=""https://item.taobao.com/item.htm?from=cart&id=914138043076&mi_id=0000LZZAyY7y9rcY9bYKwnCZN9MsPefkkGQs-qxIJfgCs30&skuId=5779984244599&spm=a1z0d.6639537%2F202410.item.d914138043076.5b4b74841fAyC5&upStreamPrice=2380"">https://item.taobao.com/item.htm?from=cart&id=914138043076&mi_id=0000LZZAyY7y9rcY9bYKwnCZN9MsPefkkGQs-qxIJfgCs30&skuId=5779984244599&spm=a1z0d.6639537%2F202410.item.d914138043076.5b4b74841fAyC5&upStreamPrice=2380</a></a>","{'url': '<a href=""https://item.taobao.com/item.htm?from=cart&id=914138043076&mi_id=0000LZZAyY7y9rcY9bYKwnCZN9MsPefkkGQs-qxIJfgCs30&skuId=5779984244599&spm=a1z0d.6639537%2F202410.item.d914138043076.5b4b74841fAyC5&upStreamPrice=2380"">https://item.taobao.com/item.htm?from=cart&id=914138043076&mi_id=0000LZZAyY7y9rcY9bYKwnCZN9MsPefkkGQs-qxIJfgCs30&skuId=5779984244599&spm=a1z0d.6639537%2F202410.item.d914138043076.5b4b74841fAyC5&upStreamPrice=2380</a>', 'label': None}",,,/images/clay-the-claymore-plushie-Main.jpg,/images/clay-the-claymore-plushie-Main.jpg,,,01/05/2026 16:53,"{'date': '01/05/2026', 'date_formatted': '01/05/2026', 'hours': '04', 'minutes': '53', 'am_pm': 'PM', 'unix_timestamp': 1767631980000, 'iso_timestamp': '2026-01-05T16:53:00.000Z', 'timestamp': '01/05/2026 04:53 pm', 'time': 1013, 'time_formatted': '16:53', 'proper_unix_timestamp': 1767649980000, 'proper_iso_timestamp': '2026-01-05T21:53:00.000Z'}",01/05/2026 16:53,"{'date': '01/05/2026', 'date_formatted': '01/05/2026', 'hours': '04', 'minutes': '53', 'am_pm': 'PM', 'unix_timestamp': 1767631980000, 'iso_timestamp': '2026-01-05T16:53:00.000Z', 'timestamp': '01/05/2026 04:53 pm', 'time': 1013, 'time_formatted': '16:53', 'proper_unix_timestamp': 1767649980000, 'proper_iso_timestamp': '2026-01-05T21:53:00.000Z'}",No,False
695c32db9cd3039a824c98ad,cnc-aluminum-magwell-magazine-base-plate-set,cnc-aluminum-magwell-magazine-base-plate-set,CNCALUMI-007,CNCALUMI-007,【MST2011底盖/井合集】CNC金属护边铝合金底盖底座配件-淘宝网,【MST2011底盖/井合集】CNC金属护边铝合金底盖底座配件-淘宝网,【MST2011底盖/井合集】CNC金属护边铝合金底盖底座配件-淘宝网,【MST2011底盖/井合集】CNC金属护边铝合金底盖底座配件-淘宝网,,,,,,,,,Archive,Archive,Yes,True,"<a href=""https://&lt;a href=&quot;https://item.taobao.com/item.htm?from=cart&amp;id=756814464555&amp;mi_id=0000PSKDmhaXtwRwa3bz-nhnQHIk1my1x03orEdGQUgLi48&amp;skuId=5392008155717&amp;spm=a1z0d.6639537%2F202410.item.d756814464555.6c8b7484YUvCoG&amp;upStreamPrice=5600&quot;&gt;https://item.taobao.com/item.htm?from=cart&amp;id=756814464555&amp;mi_id=0000PSKDmhaXtwRwa3bz-nhnQHIk1my1x03orEdGQUgLi48&amp;skuId=5392008155717&amp;spm=a1z0d.6639537%2F202410.item.d756814464555.6c8b7484YUvCoG&amp;upStreamPrice=5600&lt;/a&gt;""><a href=""https://item.taobao.com/item.htm?from=cart&id=756814464555&mi_id=0000PSKDmhaXtwRwa3bz-nhnQHIk1my1x03orEdGQUgLi48&skuId=5392008155717&spm=a1z0d.6639537%2F202410.item.d756814464555.6c8b7484YUvCoG&upStreamPrice=5600"">https://item.taobao.com/item.htm?from=cart&id=756814464555&mi_id=0000PSKDmhaXtwRwa3bz-nhnQHIk1my1x03orEdGQUgLi48&skuId=5392008155717&spm=a1z0d.6639537%2F202410.item.d756814464555.6c8b7484YUvCoG&upStreamPrice=5600</a></a>","{'url': '<a href=""https://item.taobao.com/item.htm?from=cart&id=756814464555&mi_id=0000PSKDmhaXtwRwa3bz-nhnQHIk1my1x03orEdGQUgLi48&skuId=5392008155717&spm=a1z0d.6639537%2F202410.item.d756814464555.6c8b7484YUvCoG&upStreamPrice=5600"">https://item.taobao.com/item.htm?from=cart&id=756814464555&mi_id=0000PSKDmhaXtwRwa3bz-nhnQHIk1my1x03orEdGQUgLi48&skuId=5392008155717&spm=a1z0d.6639537%2F202410.item.d756814464555.6c8b7484YUvCoG&upStreamPrice=5600</a>', 'label': None}",,,/images/cnc-aluminum-magwell-magazine-base-plate-set-Main.jpg,/images/cnc-aluminum-magwell-magazine-base-plate-set-Main.jpg,,,01/05/2026 16:53,"{'date': '01/05/2026', 'date_formatted': '01/05/2026', 'hours': '04', 'minutes': '53', 'am_pm': 'PM', 'unix_timestamp': 1767631980000, 'iso_timestamp': '2026-01-05T16:53:00.000Z', 'timestamp': '01/05/2026 04:53 pm', 'time': 1013, 'time_formatted': '16:53', 'proper_unix_timestamp': 1767649980000, 'proper_iso_timestamp': '2026-01-05T21:53:00.000Z'}",01/05/2026 16:53,"{'date': '01/05/2026', 'date_formatted': '01/05/2026', 'hours': '04', 'minutes': '53', 'am_pm': 'PM', 'unix_timestamp': 1767631980000, 'iso_timestamp': '2026-01-05T16:53:00.000Z', 'timestamp': '01/05/2026 04:53 pm', 'time': 1013, 'time_formatted': '16:53', 'proper_unix_timestamp': 1767649980000, 'proper_iso_timestamp': '2026-01-05T21:53:00.000Z'}",No,False
695c32defc2883b5640f6c9a,competition-knee-elbow-pad-set-with-wrist-guards,competition-knee-elbow-pad-set-with-wrist-guards,COMPETIT-020,COMPETIT-020,Speedqb护具套装成人滑板下场护膝护肘护掌SQB水弹酷峰CNSQB竞技-淘宝网,Speedqb护具套装成人滑板下场护膝护肘护掌SQB水弹酷峰CNSQB竞技-淘宝网,Speedqb护具套装成人滑板下场护膝护肘护掌SQB水弹酷峰CNSQB竞技-淘宝网,Speedqb护具套装成人滑板下场护膝护肘护掌SQB水弹酷峰CNSQB竞技-淘宝网,,,,,,,,,Archive,Archive,Yes,True,"<a href=""https://&lt;a href=&quot;https://item.taobao.com/item.htm?_u=o20bch12k15a90&amp;id=586117181099&amp;spm=a1z09.2.0.0.60532e8ddrfDyH&quot;&gt;https://item.taobao.com/item.htm?_u=o20bch12k15a90&amp;id=586117181099&amp;spm=a1z09.2.0.0.60532e8ddrfDyH&lt;/a&gt;""><a href=""https://item.taobao.com/item.htm?_u=o20bch12k15a90&id=586117181099&spm=a1z09.2.0.0.60532e8ddrfDyH"">https://item.taobao.com/item.htm?_u=o20bch12k15a90&id=586117181099&spm=a1z09.2.0.0.60532e8ddrfDyH</a></a>","{'url': '<a href=""https://item.taobao.com/item.htm?_u=o20bch12k15a90&id=586117181099&spm=a1z09.2.0.0.60532e8ddrfDyH"">https://item.taobao.com/item.htm?_u=o20bch12k15a90&id=586117181099&spm=a1z09.2.0.0.60532e8ddrfDyH</a>', 'label': None}",,,/images/competition-knee-elbow-pad-set-with-wrist-guards-Main.jpg,/images/competition-knee-elbow-pad-set-with-wrist-guards-Main.jpg,,,01/05/2026 16:53,"{'date': '01/05/2026', 'date_formatted': '01/05/2026', 'hours': '04', 'minutes': '53', 'am_pm': 'PM', 'unix_timestamp': 1767631980000, 'iso_timestamp': '2026-01-05T16:53:00.000Z', 'timestamp': '01/05/2026 04:53 pm', 'time': 1013, 'time_formatted': '16:53', 'proper_unix_timestamp': 1767649980000, 'proper_iso_timestamp': '2026-01-05T21:53:00.000Z'}",01/05/2026 16:53,"{'date': '01/05/2026', 'date_formatted': '01/05/2026', 'hours': '04', 'minutes': '53', 'am_pm': 'PM', 'unix_timestamp': 1767631980000, 'iso_timestamp': '2026-01-05T16:53:00.000Z', 'timestamp': '01/05/2026 04:53 pm', 'time': 1013, 'time_formatted': '16:53', 'proper_unix_timestamp': 1767649980000, 'proper_iso_timestamp': '2026-01-05T21:53:00.000Z'}",No,False
695c32df2bad95469c4b6b05,extended-honeycomb-padded-protective-arm-sleeve,extended-honeycomb-padded-protective-arm-sleeve,EXTENDED-019,EXTENDED-019,运动护臂蜂窝加长防撞防摔擦伤加厚防晒专业袖套手臂护具篮足排球-淘宝网,运动护臂蜂窝加长防撞防摔擦伤加厚防晒专业袖套手臂护具篮足排球-淘宝网,运动护臂蜂窝加长防撞防摔擦伤加厚防晒专业袖套手臂护具篮足排球-淘宝网,运动护臂蜂窝加长防撞防摔擦伤加厚防晒专业袖套手臂护具篮足排球-淘宝网,,,,,,,,,Archive,Archive,Yes,True,"<a href=""https://&lt;a href=&quot;https://item.taobao.com/item.htm?_u=o20bch12k1a6e1&amp;id=815037864475&amp;spm=a1z09.2.0.0.60532e8ddrfDyH&quot;&gt;https://item.taobao.com/item.htm?_u=o20bch12k1a6e1&amp;id=815037864475&amp;spm=a1z09.2.0.0.60532e8ddrfDyH&lt;/a&gt;""><a href=""https://item.taobao.com/item.htm?_u=o20bch12k1a6e1&id=815037864475&spm=a1z09.2.0.0.60532e8ddrfDyH"">https://item.taobao.com/item.htm?_u=o20bch12k1a6e1&id=815037864475&spm=a1z09.2.0.0.60532e8ddrfDyH</a></a>","{'url': '<a href=""https://item.taobao.com/item.htm?_u=o20bch12k1a6e1&id=815037864475&spm=a1z09.2.0.0.60532e8ddrfDyH"">https://item.taobao.com/item.htm?_u=o20bch12k1a6e1&id=815037864475&spm=a1z09.2.0.0.60532e8ddrfDyH</a>', 'label': None}",,,/images/extended-honeycomb-padded-protective-arm-sleeve-Main.jpg,/images/extended-honeycomb-padded-protective-arm-sleeve-Main.jpg,,,01/05/2026 16:53,"{'date': '01/05/2026', 'date_formatted': '01/05/2026', 'hours': '04', 'minutes': '53', 'am_pm': 'PM', 'unix_timestamp': 1767631980000, 'iso_timestamp': '2026-01-05T16:53:00.000Z', 'timestamp': '01/05/2026 04:53 pm', 'time': 1013, 'time_formatted': '16:53', 'proper_unix_timestamp': 1767649980000, 'proper_iso_timestamp': '2026-01-05T21:53:00.000Z'}",01/05/2026 16:53,"{'date': '01/05/2026', 'date_formatted': '01/05/2026', 'hours': '04', 'minutes': '53', 'am_pm': 'PM', 'unix_timestamp': 1767631980000, 'iso_timestamp': '2026-01-05T16:53:00.000Z', 'timestamp': '01/05/2026 04:53 pm', 'time': 1013, 'time_formatted': '16:53', 'proper_unix_timestamp': 1767649980000, 'proper_iso_timestamp': '2026-01-05T21:53:00.000Z'}",No,False
695c32df9f7a5671351dc2cd,fastcp-tmallcom,fastcp-tmallcom,FASTCPTM-004,FASTCPTM-004,灵鹰FAST迷彩盔罩伪装帽套战术头盔改装配件CP魔蝎迷彩弹力绳盔罩-tmall.com天猫,灵鹰FAST迷彩盔罩伪装帽套战术头盔改装配件CP魔蝎迷彩弹力绳盔罩-tmall.com天猫,灵鹰FAST迷彩盔罩伪装帽套战术头盔改装配件CP魔蝎迷彩弹力绳盔罩-tmall.com天猫,灵鹰FAST迷彩盔罩伪装帽套战术头盔改装配件CP魔蝎迷彩弹力绳盔罩-tmall.com天猫,,,,,,,,,Archive,Archive,Yes,True,"<a href=""https://&lt;a href=&quot;https://detail.tmall.com/item.htm?abbucket=10&amp;id=705219860637&amp;mi_id=0000N1yvJ8QIYm2Y-uSz0flpJeWHn8uelculDqOJBmmtHV8&amp;ns=1&amp;priceTId=215047c617651359169547014e0e87&amp;skuId=4960844112016&amp;utparam=%7B%22aplus_abtest%22:%225a64fdd19c59ec5a513c50f247ebfabb%22%7D&amp;xxc=taobaoSearch&quot;&gt;https://detail.tmall.com/item.htm?abbucket=10&amp;id=705219860637&amp;mi_id=0000N1yvJ8QIYm2Y-uSz0flpJeWHn8uelculDqOJBmmtHV8&amp;ns=1&amp;priceTId=215047c617651359169547014e0e87&amp;skuId=4960844112016&amp;utparam=%7B%22aplus_abtest%22:%225a64fdd19c59ec5a513c50f247ebfabb%22%7D&amp;xxc=taobaoSearch&lt;/a&gt;""><a href=""https://detail.tmall.com/item.htm?abbucket=10&id=705219860637&mi_id=0000N1yvJ8QIYm2Y-uSz0flpJeWHn8uelculDqOJBmmtHV8&ns=1&priceTId=215047c617651359169547014e0e87&skuId=4960844112016&utparam=%7B%22aplus_abtest%22:%225a64fdd19c59ec5a513c50f247ebfabb%22%7D&xxc=taobaoSearch"">https://detail.tmall.com/item.htm?abbucket=10&id=705219860637&mi_id=0000N1yvJ8QIYm2Y-uSz0flpJeWHn8uelculDqOJBmmtHV8&ns=1&priceTId=215047c617651359169547014e0e87&skuId=4960844112016&utparam=%7B%22aplus_abtest%22:%225a64fdd19c59ec5a513c50f247ebfabb%22%7D&xxc=taobaoSearch</a></a>","{'url': '<a href=""https://detail.tmall.com/item.htm?abbucket=10&id=705219860637&mi_id=0000N1yvJ8QIYm2Y-uSz0flpJeWHn8uelculDqOJBmmtHV8&ns=1&priceTId=215047c617651359169547014e0e87&skuId=4960844112016&utparam=%7B%22aplus_abtest%22:%225a64fdd19c59ec5a513c50f247ebfabb%22%7D&xxc=taobaoSearch"">https://detail.tmall.com/item.htm?abbucket=10&id=705219860637&mi_id=0000N1yvJ8QIYm2Y-uSz0flpJeWHn8uelculDqOJBmmtHV8&ns=1&priceTId=215047c617651359169547014e0e87&skuId=4960844112016&utparam=%7B%22aplus_abtest%22:%225a64fdd19c59ec5a513c50f247ebfabb%22%7D&xxc=taobaoSearch</a>', 'label': None}",,,/images/fastcp-tmallcom-Main.jpg,/images/fastcp-tmallcom-Main.jpg,,,01/05/2026 16:53,"{'date': '01/05/2026', 'date_formatted': '01/05/2026', 'hours': '04', 'minutes': '53', 'am_pm': 'PM', 'unix_timestamp': 1767631980000, 'iso_timestamp': '2026-01-05T16:53:00.000Z', 'timestamp': '01/05/2026 04:53 pm', 'time': 1013, 'time_formatted': '16:53', 'proper_unix_timestamp': 1767649980000, 'proper_iso_timestamp': '2026-01-05T21:53:00.000Z'}",01/05/2026 16:53,"{'date': '01/05/2026', 'date_formatted': '01/05/2026', 'hours': '04', 'minutes': '53', 'am_pm': 'PM', 'unix_timestamp': 1767631980000, 'iso_timestamp': '2026-01-05T16:53:00.000Z', 'timestamp': '01/05/2026 04:53 pm', 'time': 1013, 'time_formatted': '16:53', 'proper_unix_timestamp': 1767649980000, 'proper_iso_timestamp': '2026-01-05T21:53:00.000Z'}",No,False
695c32e07051e7c1034c6bd3,gbrs-hydra-optic-riser-mount-for-exps-t1-t2-h1-red,gbrs-hydra-optic-riser-mount-for-exps-t1-t2-h1-red,GBRSHYDR-008,GBRSHYDR-008,金属增高支架镜桥GBRS Hydra九头蛇UNITY EXPS底座T1 T2 H1 2红点-淘宝网,金属增高支架镜桥GBRS Hydra九头蛇UNITY EXPS底座T1 T2 H1 2红点-淘宝网,金属增高支架镜桥GBRS Hydra九头蛇UNITY EXPS底座T1 T2 H1 2红点-淘宝网,金属增高支架镜桥GBRS Hydra九头蛇UNITY EXPS底座T1 T2 H1 2红点-淘宝网,,,,,,,,,Archive,Archive,Yes,True,"<a href=""https://&lt;a href=&quot;https://item.taobao.com/item.htm?from=cart&amp;id=853328243320&amp;mi_id=0000DYqd-9XBoSgJTlcVA9tuUrcP89JSTiVIRBTpInbF4MI&amp;skuId=5820993846238&amp;spm=a1z0d.6639537%2F202410.item.d853328243320.6c8b7484YUvCoG&amp;upStreamPrice=12800&quot;&gt;https://item.taobao.com/item.htm?from=cart&amp;id=853328243320&amp;mi_id=0000DYqd-9XBoSgJTlcVA9tuUrcP89JSTiVIRBTpInbF4MI&amp;skuId=5820993846238&amp;spm=a1z0d.6639537%2F202410.item.d853328243320.6c8b7484YUvCoG&amp;upStreamPrice=12800&lt;/a&gt;""><a href=""https://item.taobao.com/item.htm?from=cart&id=853328243320&mi_id=0000DYqd-9XBoSgJTlcVA9tuUrcP89JSTiVIRBTpInbF4MI&skuId=5820993846238&spm=a1z0d.6639537%2F202410.item.d853328243320.6c8b7484YUvCoG&upStreamPrice=12800"">https://item.taobao.com/item.htm?from=cart&id=853328243320&mi_id=0000DYqd-9XBoSgJTlcVA9tuUrcP89JSTiVIRBTpInbF4MI&skuId=5820993846238&spm=a1z0d.6639537%2F202410.item.d853328243320.6c8b7484YUvCoG&upStreamPrice=12800</a></a>","{'url': '<a href=""https://item.taobao.com/item.htm?from=cart&id=853328243320&mi_id=0000DYqd-9XBoSgJTlcVA9tuUrcP89JSTiVIRBTpInbF4MI&skuId=5820993846238&spm=a1z0d.6639537%2F202410.item.d853328243320.6c8b7484YUvCoG&upStreamPrice=12800"">https://item.taobao.com/item.htm?from=cart&id=853328243320&mi_id=0000DYqd-9XBoSgJTlcVA9tuUrcP89JSTiVIRBTpInbF4MI&skuId=5820993846238&spm=a1z0d.6639537%2F202410.item.d853328243320.6c8b7484YUvCoG&upStreamPrice=12800</a>', 'label': None}",,,/images/gbrs-hydra-optic-riser-mount-for-exps-t1-t2-h1-red-Main.jpg,/images/gbrs-hydra-optic-riser-mount-for-exps-t1-t2-h1-red-Main.jpg,,,01/05/2026 16:53,"{'date': '01/05/2026', 'date_formatted': '01/05/2026', 'hours': '04', 'minutes': '53', 'am_pm': 'PM', 'unix_timestamp': 1767631980000, 'iso_timestamp': '2026-01-05T16:53:00.000Z', 'timestamp': '01/05/2026 04:53 pm', 'time': 1013, 'time_formatted': '16:53', 'proper_unix_timestamp': 1767649980000, 'proper_iso_timestamp': '2026-01-05T21:53:00.000Z'}",01/05/2026 16:53,"{'date': '01/05/2026', 'date_formatted': '01/05/2026', 'hours': '04', 'minutes': '53', 'am_pm': 'PM', 'unix_timestamp': 1767631980000, 'iso_timestamp': '2026-01-05T16:53:00.000Z', 'timestamp': '01/05/2026 04:53 pm', 'time': 1013, 'time_formatted': '16:53', 'proper_unix_timestamp': 1767649980000, 'proper_iso_timestamp': '2026-01-05T21:53:00.000Z'}",No,False
695c32e0e6dc40497309b467,hi-capa-g17-g34-pistol-charging-handle-magazine-ba,hi-capa-g17-g34-pistol-charging-handle-magazine-ba,HICAPAG1-013,HICAPAG1-013,蝮蛇2011 hi capa快速拉柄模型G17 TTiG34蛋夹底盖握把井制退器-淘宝网,蝮蛇2011 hi capa快速拉柄模型G17 TTiG34蛋夹底盖握把井制退器-淘宝网,蝮蛇2011 hi capa快速拉柄模型G17 TTiG34蛋夹底盖握把井制退器-淘宝网,蝮蛇2011 hi capa快速拉柄模型G17 TTiG34蛋夹底盖握把井制退器-淘宝网,,,,,,,,,Archive,Archive,Yes,True,"<a href=""https://&lt;a href=&quot;https://item.taobao.com/item.htm?_u=o20bch12k19b89&amp;id=846296600859&amp;spm=a1z09.2.0.0.60532e8ddrfDyH&quot;&gt;https://item.taobao.com/item.htm?_u=o20bch12k19b89&amp;id=846296600859&amp;spm=a1z09.2.0.0.60532e8ddrfDyH&lt;/a&gt;""><a href=""https://item.taobao.com/item.htm?_u=o20bch12k19b89&id=846296600859&spm=a1z09.2.0.0.60532e8ddrfDyH"">https://item.taobao.com/item.htm?_u=o20bch12k19b89&id=846296600859&spm=a1z09.2.0.0.60532e8ddrfDyH</a></a>","{'url': '<a href=""https://item.taobao.com/item.htm?_u=o20bch12k19b89&id=846296600859&spm=a1z09.2.0.0.60532e8ddrfDyH"">https://item.taobao.com/item.htm?_u=o20bch12k19b89&id=846296600859&spm=a1z09.2.0.0.60532e8ddrfDyH</a>', 'label': None}",,,/images/hi-capa-g17-g34-pistol-charging-handle-magazine-ba-Main.jpg,/images/hi-capa-g17-g34-pistol-charging-handle-magazine-ba-Main.jpg,,,01/05/2026 16:53,"{'date': '01/05/2026', 'date_formatted': '01/05/2026', 'hours': '04', 'minutes': '53', 'am_pm': 'PM', 'unix_timestamp': 1767631980000, 'iso_timestamp': '2026-01-05T16:53:00.000Z', 'timestamp': '01/05/2026 04:53 pm', 'time': 1013, 'time_formatted': '16:53', 'proper_unix_timestamp': 1767649980000, 'proper_iso_timestamp': '2026-01-05T21:53:00.000Z'}",01/05/2026 16:53,"{'date': '01/05/2026', 'date_formatted': '01/05/2026', 'hours': '04', 'minutes': '53', 'am_pm': 'PM', 'unix_timestamp': 1767631980000, 'iso_timestamp': '2026-01-05T16:53:00.000Z', 'timestamp': '01/05/2026 04:53 pm', 'time': 1013, 'time_formatted': '16:53', 'proper_unix_timestamp': 1767649980000, 'proper_iso_timestamp': '2026-01-05T21:53:00.000Z'}",No,False
695c32e18c1c28d3136a9fbc,hydra-style-riser-mount-for-t1-t2-h1-h2-optics,hydra-style-riser-mount-for-t1-t2-h1-h2-optics,HYDRASTY-004,HYDRASTY-004,九头蛇增高支架 UNITY战术GBRS全金属底座T1 T2 H1 H2 R5镜桥创研-淘宝网,九头蛇增高支架 UNITY战术GBRS全金属底座T1 T2 H1 H2 R5镜桥创研-淘宝网,九头蛇增高支架 UNITY战术GBRS全金属底座T1 T2 H1 H2 R5镜桥创研-淘宝网,九头蛇增高支架 UNITY战术GBRS全金属底座T1 T2 H1 H2 R5镜桥创研-淘宝网,,,,,,,,,Archive,Archive,Yes,True,"<a href=""https://&lt;a href=&quot;https://item.taobao.com/item.htm?from=cart&amp;id=714880739091&amp;mi_id=0000hoTpbsgpY237-QJJrAACfjf8_zElBv0WGGMlqhXoPOw&amp;skuId=5054582116620&amp;spm=a1z0d.6639537%2F202410.item.d714880739091.5b4b74841fAyC5&amp;upStreamPrice=9800&quot;&gt;https://item.taobao.com/item.htm?from=cart&amp;id=714880739091&amp;mi_id=0000hoTpbsgpY237-QJJrAACfjf8_zElBv0WGGMlqhXoPOw&amp;skuId=5054582116620&amp;spm=a1z0d.6639537%2F202410.item.d714880739091.5b4b74841fAyC5&amp;upStreamPrice=9800&lt;/a&gt;""><a href=""https://item.taobao.com/item.htm?from=cart&id=714880739091&mi_id=0000hoTpbsgpY237-QJJrAACfjf8_zElBv0WGGMlqhXoPOw&skuId=5054582116620&spm=a1z0d.6639537%2F202410.item.d714880739091.5b4b74841fAyC5&upStreamPrice=9800"">https://item.taobao.com/item.htm?from=cart&id=714880739091&mi_id=0000hoTpbsgpY237-QJJrAACfjf8_zElBv0WGGMlqhXoPOw&skuId=5054582116620&spm=a1z0d.6639537%2F202410.item.d714880739091.5b4b74841fAyC5&upStreamPrice=9800</a></a>","{'url': '<a href=""https://item.taobao.com/item.htm?from=cart&id=714880739091&mi_id=0000hoTpbsgpY237-QJJrAACfjf8_zElBv0WGGMlqhXoPOw&skuId=5054582116620&spm=a1z0d.6639537%2F202410.item.d714880739091.5b4b74841fAyC5&upStreamPrice=9800"">https://item.taobao.com/item.htm?from=cart&id=714880739091&mi_id=0000hoTpbsgpY237-QJJrAACfjf8_zElBv0WGGMlqhXoPOw&skuId=5054582116620&spm=a1z0d.6639537%2F202410.item.d714880739091.5b4b74841fAyC5&upStreamPrice=9800</a>', 'label': None}",,,/images/hydra-style-riser-mount-for-t1-t2-h1-h2-optics-Main.jpg,/images/hydra-style-riser-mount-for-t1-t2-h1-h2-optics-Main.jpg,,,01/05/2026 16:53,"{'date': '01/05/2026', 'date_formatted': '01/05/2026', 'hours': '04', 'minutes': '53', 'am_pm': 'PM', 'unix_timestamp': 1767631980000, 'iso_timestamp': '2026-01-05T16:53:00.000Z', 'timestamp': '01/05/2026 04:53 pm', 'time': 1013, 'time_formatted': '16:53', 'proper_unix_timestamp': 1767649980000, 'proper_iso_timestamp': '2026-01-05T21:53:00.000Z'}",01/05/2026 16:53,"{'date': '01/05/2026', 'date_formatted': '01/05/2026', 'hours': '04', 'minutes': '53', 'am_pm': 'PM', 'unix_timestamp': 1767631980000, 'iso_timestamp': '2026-01-05T16:53:00.000Z', 'timestamp': '01/05/2026 04:53 pm', 'time': 1013, 'time_formatted': '16:53', 'proper_unix_timestamp': 1767649980000, 'proper_iso_timestamp': '2026-01-05T21:53:00.000Z'}",No,False
695c32e1c71160ba194ad505,jpc30cs-,jpc30cs-,JPC30CS-002,JPC30CS-002,全套jpc3.0战术背心cs吃鸡游戏装备作训背心影视拍摄道具马甲-淘宝网,全套jpc3.0战术背心cs吃鸡游戏装备作训背心影视拍摄道具马甲-淘宝网,全套jpc3.0战术背心cs吃鸡游戏装备作训背心影视拍摄道具马甲-淘宝网,全套jpc3.0战术背心cs吃鸡游戏装备作训背心影视拍摄道具马甲-淘宝网,,,,,,,,,Archive,Archive,Yes,True,"<a href=""https://&lt;a href=&quot;https://item.taobao.com/item.htm?from=cart&amp;id=892992511952&amp;mi_id=0000SB0W2U7U5Yes9cgEUg68Yjr5y-pdcBUlVgkzW8yRjGw&amp;skuId=5910615583110&amp;upStreamPrice=12800&quot;&gt;https://item.taobao.com/item.htm?from=cart&amp;id=892992511952&amp;mi_id=0000SB0W2U7U5Yes9cgEUg68Yjr5y-pdcBUlVgkzW8yRjGw&amp;skuId=5910615583110&amp;upStreamPrice=12800&lt;/a&gt;""><a href=""https://item.taobao.com/item.htm?from=cart&id=892992511952&mi_id=0000SB0W2U7U5Yes9cgEUg68Yjr5y-pdcBUlVgkzW8yRjGw&skuId=5910615583110&upStreamPrice=12800"">https://item.taobao.com/item.htm?from=cart&id=892992511952&mi_id=0000SB0W2U7U5Yes9cgEUg68Yjr5y-pdcBUlVgkzW8yRjGw&skuId=5910615583110&upStreamPrice=12800</a></a>","{'url': '<a href=""https://item.taobao.com/item.htm?from=cart&id=892992511952&mi_id=0000SB0W2U7U5Yes9cgEUg68Yjr5y-pdcBUlVgkzW8yRjGw&skuId=5910615583110&upStreamPrice=12800"">https://item.taobao.com/item.htm?from=cart&id=892992511952&mi_id=0000SB0W2U7U5Yes9cgEUg68Yjr5y-pdcBUlVgkzW8yRjGw&skuId=5910615583110&upStreamPrice=12800</a>', 'label': None}",,,/images/jpc30cs--Main.jpg,/images/jpc30cs--Main.jpg,,,01/05/2026 16:53,"{'date': '01/05/2026', 'date_formatted': '01/05/2026', 'hours': '04', 'minutes': '53', 'am_pm': 'PM', 'unix_timestamp': 1767631980000, 'iso_timestamp': '2026-01-05T16:53:00.000Z', 'timestamp': '01/05/2026 04:53 pm', 'time': 1013, 'time_formatted': '16:53', 'proper_unix_timestamp': 1767649980000, 'proper_iso_timestamp': '2026-01-05T21:53:00.000Z'}",01/05/2026 16:53,"{'date': '01/05/2026', 'date_formatted': '01/05/2026', 'hours': '04', 'minutes': '53', 'am_pm': 'PM', 'unix_timestamp': 1767631980000, 'iso_timestamp': '2026-01-05T16:53:00.000Z', 'timestamp': '01/05/2026 04:53 pm', 'time': 1013, 'time_formatted': '16:53', 'proper_unix_timestamp': 1767649980000, 'proper_iso_timestamp': '2026-01-05T21:53:00.000Z'}",No,False
695c32e18c1c28d3136ab815,l4g24-nvg-mount-aluminum-version,l4g24-nvg-mount-aluminum-version,L4G24NVG-001,L4G24NVG-001,WOSPORT L4G24 夜视仪支架（铝合金版）-淘宝网,WOSPORT L4G24 夜视仪支架（铝合金版）-淘宝网,WOSPORT L4G24 夜视仪支架（铝合金版）-淘宝网,WOSPORT L4G24 夜视仪支架（铝合金版）-淘宝网,,,,,,,,,Archive,Archive,Yes,True,"<a href=""https://&lt;a href=&quot;https://item.taobao.com/item.htm?id=969220337986&amp;last_time=1763006142&amp;mi_id=0000ZGBYesTQpeAQnYUD44pBJ7f2WiKrvcxuIvD1wj8_XzA&amp;scm=1007.13982.82927.0&amp;upStreamPrice=21500&quot;&gt;https://item.taobao.com/item.htm?id=969220337986&amp;last_time=1763006142&amp;mi_id=0000ZGBYesTQpeAQnYUD44pBJ7f2WiKrvcxuIvD1wj8_XzA&amp;scm=1007.13982.82927.0&amp;upStreamPrice=21500&lt;/a&gt;""><a href=""https://item.taobao.com/item.htm?id=969220337986&last_time=1763006142&mi_id=0000ZGBYesTQpeAQnYUD44pBJ7f2WiKrvcxuIvD1wj8_XzA&scm=1007.13982.82927.0&upStreamPrice=21500"">https://item.taobao.com/item.htm?id=969220337986&last_time=1763006142&mi_id=0000ZGBYesTQpeAQnYUD44pBJ7f2WiKrvcxuIvD1wj8_XzA&scm=1007.13982.82927.0&upStreamPrice=21500</a></a>","{'url': '<a href=""https://item.taobao.com/item.htm?id=969220337986&last_time=1763006142&mi_id=0000ZGBYesTQpeAQnYUD44pBJ7f2WiKrvcxuIvD1wj8_XzA&scm=1007.13982.82927.0&upStreamPrice=21500"">https://item.taobao.com/item.htm?id=969220337986&last_time=1763006142&mi_id=0000ZGBYesTQpeAQnYUD44pBJ7f2WiKrvcxuIvD1wj8_XzA&scm=1007.13982.82927.0&upStreamPrice=21500</a>', 'label': None}",,,/images/l4g24-nvg-mount-aluminum-version-Main.jpg,/images/l4g24-nvg-mount-aluminum-version-Main.jpg,,,01/05/2026 16:53,"{'date': '01/05/2026', 'date_formatted': '01/05/2026', 'hours': '04', 'minutes': '53', 'am_pm': 'PM', 'unix_timestamp': 1767631980000, 'iso_timestamp': '2026-01-05T16:53:00.000Z', 'timestamp': '01/05/2026 04:53 pm', 'time': 1013, 'time_formatted': '16:53', 'proper_unix_timestamp': 1767649980000, 'proper_iso_timestamp': '2026-01-05T21:53:00.000Z'}",01/05/2026 16:53,"{'date': '01/05/2026', 'date_formatted': '01/05/2026', 'hours': '04', 'minutes': '53', 'am_pm': 'PM', 'unix_timestamp': 1767631980000, 'iso_timestamp': '2026-01-05T16:53:00.000Z', 'timestamp': '01/05/2026 04:53 pm', 'time': 1013, 'time_formatted': '16:53', 'proper_unix_timestamp': 1767649980000, 'proper_iso_timestamp': '2026-01-05T21:53:00.000Z'}",No,False
695c32e228a735d447d28db3,m67-dummy-grenade-with-functional-pin-and-spoon,m67-dummy-grenade-with-functional-pin-and-spoon,M67DUMMY-024,M67DUMMY-024,陌歌 户外M67手雷烟雾模型挂件 可拉环可拆卸 COS装扮 仿真道具-淘宝网,陌歌 户外M67手雷烟雾模型挂件 可拉环可拆卸 COS装扮 仿真道具-淘宝网,陌歌 户外M67手雷烟雾模型挂件 可拉环可拆卸 COS装扮 仿真道具-淘宝网,陌歌 户外M67手雷烟雾模型挂件 可拉环可拆卸 COS装扮 仿真道具-淘宝网,,,,,,,,,Archive,Archive,Yes,True,"<a href=""https://&lt;a href=&quot;https://item.taobao.com/item.htm?spm=a1z0d.6639537/202410.item.d728771048041.bb3974849IjuHR&amp;id=728771048041&amp;from=cart&amp;skuId=5223926462203&amp;mi_id=0000pOk7hL4MthxY3VaigRyS1CmmVzfZ4Ve-mexzzbf0Hn0&amp;upStreamPrice=2500&quot;&gt;https://item.taobao.com/item.htm?spm=a1z0d.6639537/202410.item.d728771048041.bb3974849IjuHR&amp;id=728771048041&amp;from=cart&amp;skuId=5223926462203&amp;mi_id=0000pOk7hL4MthxY3VaigRyS1CmmVzfZ4Ve-mexzzbf0Hn0&amp;upStreamPrice=2500&lt;/a&gt;""><a href=""https://item.taobao.com/item.htm?spm=a1z0d.6639537/202410.item.d728771048041.bb3974849IjuHR&id=728771048041&from=cart&skuId=5223926462203&mi_id=0000pOk7hL4MthxY3VaigRyS1CmmVzfZ4Ve-mexzzbf0Hn0&upStreamPrice=2500"">https://item.taobao.com/item.htm?spm=a1z0d.6639537/202410.item.d728771048041.bb3974849IjuHR&id=728771048041&from=cart&skuId=5223926462203&mi_id=0000pOk7hL4MthxY3VaigRyS1CmmVzfZ4Ve-mexzzbf0Hn0&upStreamPrice=2500</a></a>","{'url': '<a href=""https://item.taobao.com/item.htm?spm=a1z0d.6639537/202410.item.d728771048041.bb3974849IjuHR&id=728771048041&from=cart&skuId=5223926462203&mi_id=0000pOk7hL4MthxY3VaigRyS1CmmVzfZ4Ve-mexzzbf0Hn0&upStreamPrice=2500"">https://item.taobao.com/item.htm?spm=a1z0d.6639537/202410.item.d728771048041.bb3974849IjuHR&id=728771048041&from=cart&skuId=5223926462203&mi_id=0000pOk7hL4MthxY3VaigRyS1CmmVzfZ4Ve-mexzzbf0Hn0&upStreamPrice=2500</a>', 'label': None}",,,/images/m67-dummy-grenade-with-functional-pin-and-spoon-Main.jpg,/images/m67-dummy-grenade-with-functional-pin-and-spoon-Main.jpg,,,01/05/2026 16:53,"{'date': '01/05/2026', 'date_formatted': '01/05/2026', 'hours': '04', 'minutes': '53', 'am_pm': 'PM', 'unix_timestamp': 1767631980000, 'iso_timestamp': '2026-01-05T16:53:00.000Z', 'timestamp': '01/05/2026 04:53 pm', 'time': 1013, 'time_formatted': '16:53', 'proper_unix_timestamp': 1767649980000, 'proper_iso_timestamp': '2026-01-05T21:53:00.000Z'}",01/05/2026 16:53,"{'date': '01/05/2026', 'date_formatted': '01/05/2026', 'hours': '04', 'minutes': '53', 'am_pm': 'PM', 'unix_timestamp': 1767631980000, 'iso_timestamp': '2026-01-05T16:53:00.000Z', 'timestamp': '01/05/2026 04:53 pm', 'time': 1013, 'time_formatted': '16:53', 'proper_unix_timestamp': 1767649980000, 'proper_iso_timestamp': '2026-01-05T21:53:00.000Z'}",No,False
695c32e23b63f2dd23571da8,m67-spring-loaded-gel-ball-toy-grenade,m67-spring-loaded-gel-ball-toy-grenade,M67SPRIN-023,M67SPRIN-023,儿童手雷玩具可爆炸水弹M67弹射烟雾手榴弹模型吃鸡男孩生日礼物-tmall.com天猫,儿童手雷玩具可爆炸水弹M67弹射烟雾手榴弹模型吃鸡男孩生日礼物-tmall.com天猫,儿童手雷玩具可爆炸水弹M67弹射烟雾手榴弹模型吃鸡男孩生日礼物-tmall.com天猫,儿童手雷玩具可爆炸水弹M67弹射烟雾手榴弹模型吃鸡男孩生日礼物-tmall.com天猫,,,,,,,,,Archive,Archive,Yes,True,"<a href=""https://&lt;a href=&quot;https://detail.tmall.com/item.htm?_u=o20bch12k17773&amp;id=823946437927&quot;&gt;https://detail.tmall.com/item.htm?_u=o20bch12k17773&amp;id=823946437927&lt;/a&gt;""><a href=""https://detail.tmall.com/item.htm?_u=o20bch12k17773&id=823946437927"">https://detail.tmall.com/item.htm?_u=o20bch12k17773&id=823946437927</a></a>","{'url': '<a href=""https://detail.tmall.com/item.htm?_u=o20bch12k17773&id=823946437927"">https://detail.tmall.com/item.htm?_u=o20bch12k17773&id=823946437927</a>', 'label': None}",,,/images/m67-spring-loaded-gel-ball-toy-grenade-Main.jpg,/images/m67-spring-loaded-gel-ball-toy-grenade-Main.jpg,,,01/05/2026 16:53,"{'date': '01/05/2026', 'date_formatted': '01/05/2026', 'hours': '04', 'minutes': '53', 'am_pm': 'PM', 'unix_timestamp': 1767631980000, 'iso_timestamp': '2026-01-05T16:53:00.000Z', 'timestamp': '01/05/2026 04:53 pm', 'time': 1013, 'time_formatted': '16:53', 'proper_unix_timestamp': 1767649980000, 'proper_iso_timestamp': '2026-01-05T21:53:00.000Z'}",01/05/2026 16:53,"{'date': '01/05/2026', 'date_formatted': '01/05/2026', 'hours': '04', 'minutes': '53', 'am_pm': 'PM', 'unix_timestamp': 1767631980000, 'iso_timestamp': '2026-01-05T16:53:00.000Z', 'timestamp': '01/05/2026 04:53 pm', 'time': 1013, 'time_formatted': '16:53', 'proper_unix_timestamp': 1767649980000, 'proper_iso_timestamp': '2026-01-05T21:53:00.000Z'}",No,False
695c32e3bde2c63e6cada76c,multi-color-muzzle-flash-tracer-unit,multi-color-muzzle-flash-tracer-unit,MULTICOL-011,MULTICOL-011,七彩喷火夜光消荧光玩具喷火战术夜光激发装置软弹感应器影视装备-淘宝网,七彩喷火夜光消荧光玩具喷火战术夜光激发装置软弹感应器影视装备-淘宝网,七彩喷火夜光消荧光玩具喷火战术夜光激发装置软弹感应器影视装备-淘宝网,七彩喷火夜光消荧光玩具喷火战术夜光激发装置软弹感应器影视装备-淘宝网,,,,,,,,,Archive,Archive,Yes,True,"<a href=""https://&lt;a href=&quot;https://item.taobao.com/item.htm?_u=o20bch12k121bd&amp;id=818533365136&amp;spm=a1z09.2.0.0.60532e8ddrfDyH&quot;&gt;https://item.taobao.com/item.htm?_u=o20bch12k121bd&amp;id=818533365136&amp;spm=a1z09.2.0.0.60532e8ddrfDyH&lt;/a&gt;""><a href=""https://item.taobao.com/item.htm?_u=o20bch12k121bd&id=818533365136&spm=a1z09.2.0.0.60532e8ddrfDyH"">https://item.taobao.com/item.htm?_u=o20bch12k121bd&id=818533365136&spm=a1z09.2.0.0.60532e8ddrfDyH</a></a>","{'url': '<a href=""https://item.taobao.com/item.htm?_u=o20bch12k121bd&id=818533365136&spm=a1z09.2.0.0.60532e8ddrfDyH"">https://item.taobao.com/item.htm?_u=o20bch12k121bd&id=818533365136&spm=a1z09.2.0.0.60532e8ddrfDyH</a>', 'label': None}",,,/images/multi-color-muzzle-flash-tracer-unit-Main.jpg,/images/multi-color-muzzle-flash-tracer-unit-Main.jpg,,,01/05/2026 16:53,"{'date': '01/05/2026', 'date_formatted': '01/05/2026', 'hours': '04', 'minutes': '53', 'am_pm': 'PM', 'unix_timestamp': 1767631980000, 'iso_timestamp': '2026-01-05T16:53:00.000Z', 'timestamp': '01/05/2026 04:53 pm', 'time': 1013, 'time_formatted': '16:53', 'proper_unix_timestamp': 1767649980000, 'proper_iso_timestamp': '2026-01-05T21:53:00.000Z'}",01/05/2026 16:53,"{'date': '01/05/2026', 'date_formatted': '01/05/2026', 'hours': '04', 'minutes': '53', 'am_pm': 'PM', 'unix_timestamp': 1767631980000, 'iso_timestamp': '2026-01-05T16:53:00.000Z', 'timestamp': '01/05/2026 04:53 pm', 'time': 1013, 'time_formatted': '16:53', 'proper_unix_timestamp': 1767649980000, 'proper_iso_timestamp': '2026-01-05T21:53:00.000Z'}",No,False
695c32e3aae7b5b062d04185,multipurpose-tactical-qd-single-point-sling,multipurpose-tactical-qd-single-point-sling,MULTIPUR-017,MULTIPUR-017,户外多功能腋下通用尼龙战术配件背带快拆肩带挂绳单点式斜跨挂带-淘宝网,户外多功能腋下通用尼龙战术配件背带快拆肩带挂绳单点式斜跨挂带-淘宝网,户外多功能腋下通用尼龙战术配件背带快拆肩带挂绳单点式斜跨挂带-淘宝网,户外多功能腋下通用尼龙战术配件背带快拆肩带挂绳单点式斜跨挂带-淘宝网,,,,,,,,,Archive,Archive,Yes,True,"<a href=""https://&lt;a href=&quot;https://item.taobao.com/item.htm?_u=o20bch12k1157a&amp;id=643256207245&amp;spm=a1z09.2.0.0.60532e8ddrfDyH&quot;&gt;https://item.taobao.com/item.htm?_u=o20bch12k1157a&amp;id=643256207245&amp;spm=a1z09.2.0.0.60532e8ddrfDyH&lt;/a&gt;""><a href=""https://item.taobao.com/item.htm?_u=o20bch12k1157a&id=643256207245&spm=a1z09.2.0.0.60532e8ddrfDyH"">https://item.taobao.com/item.htm?_u=o20bch12k1157a&id=643256207245&spm=a1z09.2.0.0.60532e8ddrfDyH</a></a>","{'url': '<a href=""https://item.taobao.com/item.htm?_u=o20bch12k1157a&id=643256207245&spm=a1z09.2.0.0.60532e8ddrfDyH"">https://item.taobao.com/item.htm?_u=o20bch12k1157a&id=643256207245&spm=a1z09.2.0.0.60532e8ddrfDyH</a>', 'label': None}",,,/images/multipurpose-tactical-qd-single-point-sling-Main.jpg,/images/multipurpose-tactical-qd-single-point-sling-Main.jpg,,,01/05/2026 16:53,"{'date': '01/05/2026', 'date_formatted': '01/05/2026', 'hours': '04', 'minutes': '53', 'am_pm': 'PM', 'unix_timestamp': 1767631980000, 'iso_timestamp': '2026-01-05T16:53:00.000Z', 'timestamp': '01/05/2026 04:53 pm', 'time': 1013, 'time_formatted': '16:53', 'proper_unix_timestamp': 1767649980000, 'proper_iso_timestamp': '2026-01-05T21:53:00.000Z'}",01/05/2026 16:53,"{'date': '01/05/2026', 'date_formatted': '01/05/2026', 'hours': '04', 'minutes': '53', 'am_pm': 'PM', 'unix_timestamp': 1767631980000, 'iso_timestamp': '2026-01-05T16:53:00.000Z', 'timestamp': '01/05/2026 04:53 pm', 'time': 1013, 'time_formatted': '16:53', 'proper_unix_timestamp': 1767649980000, 'proper_iso_timestamp': '2026-01-05T21:53:00.000Z'}",No,False
695c32e34e794334fd508ed7,nvg-flip-mount-action-camera-adapter-for-tactical-,nvg-flip-mount-action-camera-adapter-for-tactical-,NVGFLIPM-025,NVGFLIPM-025,战术头盔夜视仪翻斗车支架加装运动相机连接支架头盔配件-淘宝网,战术头盔夜视仪翻斗车支架加装运动相机连接支架头盔配件-淘宝网,战术头盔夜视仪翻斗车支架加装运动相机连接支架头盔配件-淘宝网,战术头盔夜视仪翻斗车支架加装运动相机连接支架头盔配件-淘宝网,,,,,,,,,Archive,Archive,Yes,True,"<a href=""https://&lt;a href=&quot;https://item.taobao.com/item.htm?from=cart&amp;id=898356105062&amp;mi_id=0000pezqgr1m5PmIjLH91XMFVxMGXEtJFD9SBkxvHC5hHz8&amp;skuId=5919927911176&amp;spm=a1z0d.6639537%2F202410.item.d898356105062.bb3974849IjuHR&amp;upStreamPrice=2300&quot;&gt;https://item.taobao.com/item.htm?from=cart&amp;id=898356105062&amp;mi_id=0000pezqgr1m5PmIjLH91XMFVxMGXEtJFD9SBkxvHC5hHz8&amp;skuId=5919927911176&amp;spm=a1z0d.6639537%2F202410.item.d898356105062.bb3974849IjuHR&amp;upStreamPrice=2300&lt;/a&gt;""><a href=""https://item.taobao.com/item.htm?from=cart&id=898356105062&mi_id=0000pezqgr1m5PmIjLH91XMFVxMGXEtJFD9SBkxvHC5hHz8&skuId=5919927911176&spm=a1z0d.6639537%2F202410.item.d898356105062.bb3974849IjuHR&upStreamPrice=2300"">https://item.taobao.com/item.htm?from=cart&id=898356105062&mi_id=0000pezqgr1m5PmIjLH91XMFVxMGXEtJFD9SBkxvHC5hHz8&skuId=5919927911176&spm=a1z0d.6639537%2F202410.item.d898356105062.bb3974849IjuHR&upStreamPrice=2300</a></a>","{'url': '<a href=""https://item.taobao.com/item.htm?from=cart&id=898356105062&mi_id=0000pezqgr1m5PmIjLH91XMFVxMGXEtJFD9SBkxvHC5hHz8&skuId=5919927911176&spm=a1z0d.6639537%2F202410.item.d898356105062.bb3974849IjuHR&upStreamPrice=2300"">https://item.taobao.com/item.htm?from=cart&id=898356105062&mi_id=0000pezqgr1m5PmIjLH91XMFVxMGXEtJFD9SBkxvHC5hHz8&skuId=5919927911176&spm=a1z0d.6639537%2F202410.item.d898356105062.bb3974849IjuHR&upStreamPrice=2300</a>', 'label': None}",,,/images/nvg-flip-mount-action-camera-adapter-for-tactical--Main.jpg,/images/nvg-flip-mount-action-camera-adapter-for-tactical--Main.jpg,,,01/05/2026 16:53,"{'date': '01/05/2026', 'date_formatted': '01/05/2026', 'hours': '04', 'minutes': '53', 'am_pm': 'PM', 'unix_timestamp': 1767631980000, 'iso_timestamp': '2026-01-05T16:53:00.000Z', 'timestamp': '01/05/2026 04:53 pm', 'time': 1013, 'time_formatted': '16:53', 'proper_unix_timestamp': 1767649980000, 'proper_iso_timestamp': '2026-01-05T21:53:00.000Z'}",01/05/2026 16:53,"{'date': '01/05/2026', 'date_formatted': '01/05/2026', 'hours': '04', 'minutes': '53', 'am_pm': 'PM', 'unix_timestamp': 1767631980000, 'iso_timestamp': '2026-01-05T16:53:00.000Z', 'timestamp': '01/05/2026 04:53 pm', 'time': 1013, 'time_formatted': '16:53', 'proper_unix_timestamp': 1767649980000, 'proper_iso_timestamp': '2026-01-05T21:53:00.000Z'}",No,False
695c32e4597723b2d911e788,rechargeable-tactical-goggle-anti-fog-fan-with-adj,rechargeable-tactical-goggle-anti-fog-fan-with-adj,RECHARGE-009,RECHARGE-009,WST风镜防雾器电动除雾TYPE-C充电风速可调搭配头盔使用战术配件-淘宝网,WST风镜防雾器电动除雾TYPE-C充电风速可调搭配头盔使用战术配件-淘宝网,WST风镜防雾器电动除雾TYPE-C充电风速可调搭配头盔使用战术配件-淘宝网,WST风镜防雾器电动除雾TYPE-C充电风速可调搭配头盔使用战术配件-淘宝网,,,,,,,,,Archive,Archive,Yes,True,"<a href=""https://&lt;a href=&quot;https://item.taobao.com/item.htm?id=855477818032&amp;mi_id=0000x0WNEqQ_265ogowy3YTtSmwWN6Kh587odYbbcAzXv6k&amp;pvid=509f90ac-ddaa-4b45-98c7-9173eebe4188&amp;scm=1007.62513.464295.0&amp;skuId=5901632650844&amp;spm=a1z0d.6639537%2F202410.201876.d5.6c8b7484YUvCoG&amp;utparam=%7B%22x_object_type%22%3A%22item%22%2C%22matchType%22%3A%22dm_interest%22%2C%22item_price%22%3A%2258%22%2C%22umpCalled%22%3Atrue%2C%22pc_scene%22%3A%2220001%22%2C%22userId%22%3A2211254930049%2C%22ab_info%22%3A%2252513%23464295%23-1%23%22%2C%22tpp_buckets%22%3A%2252513%23464295%23module%22%2C%22aplus_abtest%22%3A%22c95fd935250b814ea01fa2f7b7e734b2%22%2C%22isLogin%22%3Atrue%2C%22abid%22%3A1%2C%22pc_pvid%22%3A%22509f90ac-ddaa-4b45-98c7-9173eebe4188%22%2C%22isWeekLogin%22%3Afalse%2C%22rn%22%3A4%2C%22ump_price%22%3A%2258%22%2C%22isXClose%22%3Afalse%2C%22x_object_id%22%3A855477818032%7D&amp;xxc=home_recommend&quot;&gt;https://item.taobao.com/item.htm?id=855477818032&amp;mi_id=0000x0WNEqQ_265ogowy3YTtSmwWN6Kh587odYbbcAzXv6k&amp;pvid=509f90ac-ddaa-4b45-98c7-9173eebe4188&amp;scm=1007.62513.464295.0&amp;skuId=5901632650844&amp;spm=a1z0d.6639537%2F202410.201876.d5.6c8b7484YUvCoG&amp;utparam=%7B%22x_object_type%22%3A%22item%22%2C%22matchType%22%3A%22dm_interest%22%2C%22item_price%22%3A%2258%22%2C%22umpCalled%22%3Atrue%2C%22pc_scene%22%3A%2220001%22%2C%22userId%22%3A2211254930049%2C%22ab_info%22%3A%2252513%23464295%23-1%23%22%2C%22tpp_buckets%22%3A%2252513%23464295%23module%22%2C%22aplus_abtest%22%3A%22c95fd935250b814ea01fa2f7b7e734b2%22%2C%22isLogin%22%3Atrue%2C%22abid%22%3A1%2C%22pc_pvid%22%3A%22509f90ac-ddaa-4b45-98c7-9173eebe4188%22%2C%22isWeekLogin%22%3Afalse%2C%22rn%22%3A4%2C%22ump_price%22%3A%2258%22%2C%22isXClose%22%3Afalse%2C%22x_object_id%22%3A855477818032%7D&amp;xxc=home_recommend&lt;/a&gt;""><a href=""https://item.taobao.com/item.htm?id=855477818032&mi_id=0000x0WNEqQ_265ogowy3YTtSmwWN6Kh587odYbbcAzXv6k&pvid=509f90ac-ddaa-4b45-98c7-9173eebe4188&scm=1007.62513.464295.0&skuId=5901632650844&spm=a1z0d.6639537%2F202410.201876.d5.6c8b7484YUvCoG&utparam=%7B%22x_object_type%22%3A%22item%22%2C%22matchType%22%3A%22dm_interest%22%2C%22item_price%22%3A%2258%22%2C%22umpCalled%22%3Atrue%2C%22pc_scene%22%3A%2220001%22%2C%22userId%22%3A2211254930049%2C%22ab_info%22%3A%2252513%23464295%23-1%23%22%2C%22tpp_buckets%22%3A%2252513%23464295%23module%22%2C%22aplus_abtest%22%3A%22c95fd935250b814ea01fa2f7b7e734b2%22%2C%22isLogin%22%3Atrue%2C%22abid%22%3A1%2C%22pc_pvid%22%3A%22509f90ac-ddaa-4b45-98c7-9173eebe4188%22%2C%22isWeekLogin%22%3Afalse%2C%22rn%22%3A4%2C%22ump_price%22%3A%2258%22%2C%22isXClose%22%3Afalse%2C%22x_object_id%22%3A855477818032%7D&xxc=home_recommend"">https://item.taobao.com/item.htm?id=855477818032&mi_id=0000x0WNEqQ_265ogowy3YTtSmwWN6Kh587odYbbcAzXv6k&pvid=509f90ac-ddaa-4b45-98c7-9173eebe4188&scm=1007.62513.464295.0&skuId=5901632650844&spm=a1z0d.6639537%2F202410.201876.d5.6c8b7484YUvCoG&utparam=%7B%22x_object_type%22%3A%22item%22%2C%22matchType%22%3A%22dm_interest%22%2C%22item_price%22%3A%2258%22%2C%22umpCalled%22%3Atrue%2C%22pc_scene%22%3A%2220001%22%2C%22userId%22%3A2211254930049%2C%22ab_info%22%3A%2252513%23464295%23-1%23%22%2C%22tpp_buckets%22%3A%2252513%23464295%23module%22%2C%22aplus_abtest%22%3A%22c95fd935250b814ea01fa2f7b7e734b2%22%2C%22isLogin%22%3Atrue%2C%22abid%22%3A1%2C%22pc_pvid%22%3A%22509f90ac-ddaa-4b45-98c7-9173eebe4188%22%2C%22isWeekLogin%22%3Afalse%2C%22rn%22%3A4%2C%22ump_price%22%3A%2258%22%2C%22isXClose%22%3Afalse%2C%22x_object_id%22%3A855477818032%7D&xxc=home_recommend</a></a>","{'url': '<a href=""https://item.taobao.com/item.htm?id=855477818032&mi_id=0000x0WNEqQ_265ogowy3YTtSmwWN6Kh587odYbbcAzXv6k&pvid=509f90ac-ddaa-4b45-98c7-9173eebe4188&scm=1007.62513.464295.0&skuId=5901632650844&spm=a1z0d.6639537%2F202410.201876.d5.6c8b7484YUvCoG&utparam=%7B%22x_object_type%22%3A%22item%22%2C%22matchType%22%3A%22dm_interest%22%2C%22item_price%22%3A%2258%22%2C%22umpCalled%22%3Atrue%2C%22pc_scene%22%3A%2220001%22%2C%22userId%22%3A2211254930049%2C%22ab_info%22%3A%2252513%23464295%23-1%23%22%2C%22tpp_buckets%22%3A%2252513%23464295%23module%22%2C%22aplus_abtest%22%3A%22c95fd935250b814ea01fa2f7b7e734b2%22%2C%22isLogin%22%3Atrue%2C%22abid%22%3A1%2C%22pc_pvid%22%3A%22509f90ac-ddaa-4b45-98c7-9173eebe4188%22%2C%22isWeekLogin%22%3Afalse%2C%22rn%22%3A4%2C%22ump_price%22%3A%2258%22%2C%22isXClose%22%3Afalse%2C%22x_object_id%22%3A855477818032%7D&xxc=home_recommend"">https://item.taobao.com/item.htm?id=855477818032&mi_id=0000x0WNEqQ_265ogowy3YTtSmwWN6Kh587odYbbcAzXv6k&pvid=509f90ac-ddaa-4b45-98c7-9173eebe4188&scm=1007.62513.464295.0&skuId=5901632650844&spm=a1z0d.6639537%2F202410.201876.d5.6c8b7484YUvCoG&utparam=%7B%22x_object_type%22%3A%22item%22%2C%22matchType%22%3A%22dm_interest%22%2C%22item_price%22%3A%2258%22%2C%22umpCalled%22%3Atrue%2C%22pc_scene%22%3A%2220001%22%2C%22userId%22%3A2211254930049%2C%22ab_info%22%3A%2252513%23464295%23-1%23%22%2C%22tpp_buckets%22%3A%2252513%23464295%23module%22%2C%22aplus_abtest%22%3A%22c95fd935250b814ea01fa2f7b7e734b2%22%2C%22isLogin%22%3Atrue%2C%22abid%22%3A1%2C%22pc_pvid%22%3A%22509f90ac-ddaa-4b45-98c7-9173eebe4188%22%2C%22isWeekLogin%22%3Afalse%2C%22rn%22%3A4%2C%22ump_price%22%3A%2258%22%2C%22isXClose%22%3Afalse%2C%22x_object_id%22%3A855477818032%7D&xxc=home_recommend</a>', 'label': None}",,,/images/rechargeable-tactical-goggle-anti-fog-fan-with-adj-Main.jpg,/images/rechargeable-tactical-goggle-anti-fog-fan-with-adj-Main.jpg,,,01/05/2026 16:53,"{'date': '01/05/2026', 'date_formatted': '01/05/2026', 'hours': '04', 'minutes': '53', 'am_pm': 'PM', 'unix_timestamp': 1767631980000, 'iso_timestamp': '2026-01-05T16:53:00.000Z', 'timestamp': '01/05/2026 04:53 pm', 'time': 1013, 'time_formatted': '16:53', 'proper_unix_timestamp': 1767649980000, 'proper_iso_timestamp': '2026-01-05T21:53:00.000Z'}",01/05/2026 16:53,"{'date': '01/05/2026', 'date_formatted': '01/05/2026', 'hours': '04', 'minutes': '53', 'am_pm': 'PM', 'unix_timestamp': 1767631980000, 'iso_timestamp': '2026-01-05T16:53:00.000Z', 'timestamp': '01/05/2026 04:53 pm', 'time': 1013, 'time_formatted': '16:53', 'proper_unix_timestamp': 1767649980000, 'proper_iso_timestamp': '2026-01-05T21:53:00.000Z'}",No,False
695c32e47051e7c1034c7e89,ronin-style-modular-tactical-battle-belt-set,ronin-style-modular-tactical-battle-belt-set,RONINSTY-028,RONINSTY-028,Artex户外浪人战术腰带套装多功能组合巡逻腰封可拆卸调节腰带-淘宝网,Artex户外浪人战术腰带套装多功能组合巡逻腰封可拆卸调节腰带-淘宝网,Artex户外浪人战术腰带套装多功能组合巡逻腰封可拆卸调节腰带-淘宝网,Artex户外浪人战术腰带套装多功能组合巡逻腰封可拆卸调节腰带-淘宝网,,,,,,,,,Archive,Archive,Yes,True,"<a href=""https://&lt;a href=&quot;https://item.taobao.com/item.htm?from=cart&amp;id=725254573496&amp;mi_id=00008_G9zU23OO5RO7biwKlybJoUGMav0M5RZxxqG0CZHTI&amp;skuId=5718228164171&amp;spm=a1z0d.6639537%2F202410.item.d725254573496.bb3974849IjuHR&amp;upStreamPrice=16300&quot;&gt;https://item.taobao.com/item.htm?from=cart&amp;id=725254573496&amp;mi_id=00008_G9zU23OO5RO7biwKlybJoUGMav0M5RZxxqG0CZHTI&amp;skuId=5718228164171&amp;spm=a1z0d.6639537%2F202410.item.d725254573496.bb3974849IjuHR&amp;upStreamPrice=16300&lt;/a&gt;""><a href=""https://item.taobao.com/item.htm?from=cart&id=725254573496&mi_id=00008_G9zU23OO5RO7biwKlybJoUGMav0M5RZxxqG0CZHTI&skuId=5718228164171&spm=a1z0d.6639537%2F202410.item.d725254573496.bb3974849IjuHR&upStreamPrice=16300"">https://item.taobao.com/item.htm?from=cart&id=725254573496&mi_id=00008_G9zU23OO5RO7biwKlybJoUGMav0M5RZxxqG0CZHTI&skuId=5718228164171&spm=a1z0d.6639537%2F202410.item.d725254573496.bb3974849IjuHR&upStreamPrice=16300</a></a>","{'url': '<a href=""https://item.taobao.com/item.htm?from=cart&id=725254573496&mi_id=00008_G9zU23OO5RO7biwKlybJoUGMav0M5RZxxqG0CZHTI&skuId=5718228164171&spm=a1z0d.6639537%2F202410.item.d725254573496.bb3974849IjuHR&upStreamPrice=16300"">https://item.taobao.com/item.htm?from=cart&id=725254573496&mi_id=00008_G9zU23OO5RO7biwKlybJoUGMav0M5RZxxqG0CZHTI&skuId=5718228164171&spm=a1z0d.6639537%2F202410.item.d725254573496.bb3974849IjuHR&upStreamPrice=16300</a>', 'label': None}",,,/images/ronin-style-modular-tactical-battle-belt-set-Main.jpg,/images/ronin-style-modular-tactical-battle-belt-set-Main.jpg,,,01/05/2026 16:53,"{'date': '01/05/2026', 'date_formatted': '01/05/2026', 'hours': '04', 'minutes': '53', 'am_pm': 'PM', 'unix_timestamp': 1767631980000, 'iso_timestamp': '2026-01-05T16:53:00.000Z', 'timestamp': '01/05/2026 04:53 pm', 'time': 1013, 'time_formatted': '16:53', 'proper_unix_timestamp': 1767649980000, 'proper_iso_timestamp': '2026-01-05T21:53:00.000Z'}",01/05/2026 16:53,"{'date': '01/05/2026', 'date_formatted': '01/05/2026', 'hours': '04', 'minutes': '53', 'am_pm': 'PM', 'unix_timestamp': 1767631980000, 'iso_timestamp': '2026-01-05T16:53:00.000Z', 'timestamp': '01/05/2026 04:53 pm', 'time': 1013, 'time_formatted': '16:53', 'proper_unix_timestamp': 1767649980000, 'proper_iso_timestamp': '2026-01-05T21:53:00.000Z'}",No,False
695c32e537eef90c93aec7bb,scorpion-soft-shell-fast-draw-molle-magazine-pouch,scorpion-soft-shell-fast-draw-molle-magazine-pouch,SCORPION-012,SCORPION-012,FMA 蝎式软壳快拔旦夹套5.56/7.62\9mm旦匣包 军迷射击MOLLE包-淘宝网,FMA 蝎式软壳快拔旦夹套5.56/7.62\9mm旦匣包 军迷射击MOLLE包-淘宝网,FMA 蝎式软壳快拔旦夹套5.56/7.62\9mm旦匣包 军迷射击MOLLE包-淘宝网,FMA 蝎式软壳快拔旦夹套5.56/7.62\9mm旦匣包 军迷射击MOLLE包-淘宝网,,,,,,,,,Archive,Archive,Yes,True,"<a href=""https://&lt;a href=&quot;https://item.taobao.com/item.htm?_u=o20bch12k13bf4&amp;id=646929225114&amp;spm=a1z09.2.0.0.60532e8ddrfDyH&quot;&gt;https://item.taobao.com/item.htm?_u=o20bch12k13bf4&amp;id=646929225114&amp;spm=a1z09.2.0.0.60532e8ddrfDyH&lt;/a&gt;""><a href=""https://item.taobao.com/item.htm?_u=o20bch12k13bf4&id=646929225114&spm=a1z09.2.0.0.60532e8ddrfDyH"">https://item.taobao.com/item.htm?_u=o20bch12k13bf4&id=646929225114&spm=a1z09.2.0.0.60532e8ddrfDyH</a></a>","{'url': '<a href=""https://item.taobao.com/item.htm?_u=o20bch12k13bf4&id=646929225114&spm=a1z09.2.0.0.60532e8ddrfDyH"">https://item.taobao.com/item.htm?_u=o20bch12k13bf4&id=646929225114&spm=a1z09.2.0.0.60532e8ddrfDyH</a>', 'label': None}",,,/images/scorpion-soft-shell-fast-draw-molle-magazine-pouch-Main.jpg,/images/scorpion-soft-shell-fast-draw-molle-magazine-pouch-Main.jpg,,,01/05/2026 16:53,"{'date': '01/05/2026', 'date_formatted': '01/05/2026', 'hours': '04', 'minutes': '53', 'am_pm': 'PM', 'unix_timestamp': 1767631980000, 'iso_timestamp': '2026-01-05T16:53:00.000Z', 'timestamp': '01/05/2026 04:53 pm', 'time': 1013, 'time_formatted': '16:53', 'proper_unix_timestamp': 1767649980000, 'proper_iso_timestamp': '2026-01-05T21:53:00.000Z'}",01/05/2026 16:53,"{'date': '01/05/2026', 'date_formatted': '01/05/2026', 'hours': '04', 'minutes': '53', 'am_pm': 'PM', 'unix_timestamp': 1767631980000, 'iso_timestamp': '2026-01-05T16:53:00.000Z', 'timestamp': '01/05/2026 04:53 pm', 'time': 1013, 'time_formatted': '16:53', 'proper_unix_timestamp': 1767649980000, 'proper_iso_timestamp': '2026-01-05T21:53:00.000Z'}",No,False
695c32e5c3a1704a5640bcfb,tactical-action-camera-mount-arm,tactical-action-camera-mount-arm,TACTICAL-010,TACTICAL-010,"NGD北境防务 ""FPS""运动相机战术连接臂-淘宝网","NGD北境防务 ""FPS""运动相机战术连接臂-淘宝网","NGD北境防务 ""FPS""运动相机战术连接臂-淘宝网","NGD北境防务 ""FPS""运动相机战术连接臂-淘宝网",,,,,,,,,Archive,Archive,Yes,True,"<a href=""https://&lt;a href=&quot;https://item.taobao.com/item.htm?id=899190435089&amp;mi_id=0000CAX6-BX7lO5klGg-XSpNcl_c6_xsYFCK45ZkV-_twa4&amp;pvid=509f90ac-ddaa-4b45-98c7-9173eebe4188&amp;scm=1007.62513.464295.0&amp;skuId=5756235789548&amp;spm=a1z0d.6639537%2F202410.201876.d1.6c8b7484YUvCoG&amp;utparam=%7B%22x_object_type%22%3A%22item%22%2C%22matchType%22%3A%22nann_base%22%2C%22item_price%22%3A%22158%22%2C%22umpCalled%22%3Atrue%2C%22pc_scene%22%3A%2220001%22%2C%22userId%22%3A2211254930049%2C%22ab_info%22%3A%2252513%23464295%23-1%23%22%2C%22tpp_buckets%22%3A%2252513%23464295%23module%22%2C%22aplus_abtest%22%3A%2222ec64065a667b0bd1a1214b6f6d4c62%22%2C%22isLogin%22%3Atrue%2C%22abid%22%3A1%2C%22pc_pvid%22%3A%22509f90ac-ddaa-4b45-98c7-9173eebe4188%22%2C%22isWeekLogin%22%3Afalse%2C%22rn%22%3A0%2C%22ump_price%22%3A%22158%22%2C%22isXClose%22%3Afalse%2C%22x_object_id%22%3A899190435089%7D&amp;xxc=home_recommend&quot;&gt;https://item.taobao.com/item.htm?id=899190435089&amp;mi_id=0000CAX6-BX7lO5klGg-XSpNcl_c6_xsYFCK45ZkV-_twa4&amp;pvid=509f90ac-ddaa-4b45-98c7-9173eebe4188&amp;scm=1007.62513.464295.0&amp;skuId=5756235789548&amp;spm=a1z0d.6639537%2F202410.201876.d1.6c8b7484YUvCoG&amp;utparam=%7B%22x_object_type%22%3A%22item%22%2C%22matchType%22%3A%22nann_base%22%2C%22item_price%22%3A%22158%22%2C%22umpCalled%22%3Atrue%2C%22pc_scene%22%3A%2220001%22%2C%22userId%22%3A2211254930049%2C%22ab_info%22%3A%2252513%23464295%23-1%23%22%2C%22tpp_buckets%22%3A%2252513%23464295%23module%22%2C%22aplus_abtest%22%3A%2222ec64065a667b0bd1a1214b6f6d4c62%22%2C%22isLogin%22%3Atrue%2C%22abid%22%3A1%2C%22pc_pvid%22%3A%22509f90ac-ddaa-4b45-98c7-9173eebe4188%22%2C%22isWeekLogin%22%3Afalse%2C%22rn%22%3A0%2C%22ump_price%22%3A%22158%22%2C%22isXClose%22%3Afalse%2C%22x_object_id%22%3A899190435089%7D&amp;xxc=home_recommend&lt;/a&gt;""><a href=""https://item.taobao.com/item.htm?id=899190435089&mi_id=0000CAX6-BX7lO5klGg-XSpNcl_c6_xsYFCK45ZkV-_twa4&pvid=509f90ac-ddaa-4b45-98c7-9173eebe4188&scm=1007.62513.464295.0&skuId=5756235789548&spm=a1z0d.6639537%2F202410.201876.d1.6c8b7484YUvCoG&utparam=%7B%22x_object_type%22%3A%22item%22%2C%22matchType%22%3A%22nann_base%22%2C%22item_price%22%3A%22158%22%2C%22umpCalled%22%3Atrue%2C%22pc_scene%22%3A%2220001%22%2C%22userId%22%3A2211254930049%2C%22ab_info%22%3A%2252513%23464295%23-1%23%22%2C%22tpp_buckets%22%3A%2252513%23464295%23module%22%2C%22aplus_abtest%22%3A%2222ec64065a667b0bd1a1214b6f6d4c62%22%2C%22isLogin%22%3Atrue%2C%22abid%22%3A1%2C%22pc_pvid%22%3A%22509f90ac-ddaa-4b45-98c7-9173eebe4188%22%2C%22isWeekLogin%22%3Afalse%2C%22rn%22%3A0%2C%22ump_price%22%3A%22158%22%2C%22isXClose%22%3Afalse%2C%22x_object_id%22%3A899190435089%7D&xxc=home_recommend"">https://item.taobao.com/item.htm?id=899190435089&mi_id=0000CAX6-BX7lO5klGg-XSpNcl_c6_xsYFCK45ZkV-_twa4&pvid=509f90ac-ddaa-4b45-98c7-9173eebe4188&scm=1007.62513.464295.0&skuId=5756235789548&spm=a1z0d.6639537%2F202410.201876.d1.6c8b7484YUvCoG&utparam=%7B%22x_object_type%22%3A%22item%22%2C%22matchType%22%3A%22nann_base%22%2C%22item_price%22%3A%22158%22%2C%22umpCalled%22%3Atrue%2C%22pc_scene%22%3A%2220001%22%2C%22userId%22%3A2211254930049%2C%22ab_info%22%3A%2252513%23464295%23-1%23%22%2C%22tpp_buckets%22%3A%2252513%23464295%23module%22%2C%22aplus_abtest%22%3A%2222ec64065a667b0bd1a1214b6f6d4c62%22%2C%22isLogin%22%3Atrue%2C%22abid%22%3A1%2C%22pc_pvid%22%3A%22509f90ac-ddaa-4b45-98c7-9173eebe4188%22%2C%22isWeekLogin%22%3Afalse%2C%22rn%22%3A0%2C%22ump_price%22%3A%22158%22%2C%22isXClose%22%3Afalse%2C%22x_object_id%22%3A899190435089%7D&xxc=home_recommend</a></a>","{'url': '<a href=""https://item.taobao.com/item.htm?id=899190435089&mi_id=0000CAX6-BX7lO5klGg-XSpNcl_c6_xsYFCK45ZkV-_twa4&pvid=509f90ac-ddaa-4b45-98c7-9173eebe4188&scm=1007.62513.464295.0&skuId=5756235789548&spm=a1z0d.6639537%2F202410.201876.d1.6c8b7484YUvCoG&utparam=%7B%22x_object_type%22%3A%22item%22%2C%22matchType%22%3A%22nann_base%22%2C%22item_price%22%3A%22158%22%2C%22umpCalled%22%3Atrue%2C%22pc_scene%22%3A%2220001%22%2C%22userId%22%3A2211254930049%2C%22ab_info%22%3A%2252513%23464295%23-1%23%22%2C%22tpp_buckets%22%3A%2252513%23464295%23module%22%2C%22aplus_abtest%22%3A%2222ec64065a667b0bd1a1214b6f6d4c62%22%2C%22isLogin%22%3Atrue%2C%22abid%22%3A1%2C%22pc_pvid%22%3A%22509f90ac-ddaa-4b45-98c7-9173eebe4188%22%2C%22isWeekLogin%22%3Afalse%2C%22rn%22%3A0%2C%22ump_price%22%3A%22158%22%2C%22isXClose%22%3Afalse%2C%22x_object_id%22%3A899190435089%7D&xxc=home_recommend"">https://item.taobao.com/item.htm?id=899190435089&mi_id=0000CAX6-BX7lO5klGg-XSpNcl_c6_xsYFCK45ZkV-_twa4&pvid=509f90ac-ddaa-4b45-98c7-9173eebe4188&scm=1007.62513.464295.0&skuId=5756235789548&spm=a1z0d.6639537%2F202410.201876.d1.6c8b7484YUvCoG&utparam=%7B%22x_object_type%22%3A%22item%22%2C%22matchType%22%3A%22nann_base%22%2C%22item_price%22%3A%22158%22%2C%22umpCalled%22%3Atrue%2C%22pc_scene%22%3A%2220001%22%2C%22userId%22%3A2211254930049%2C%22ab_info%22%3A%2252513%23464295%23-1%23%22%2C%22tpp_buckets%22%3A%2252513%23464295%23module%22%2C%22aplus_abtest%22%3A%2222ec64065a667b0bd1a1214b6f6d4c62%22%2C%22isLogin%22%3Atrue%2C%22abid%22%3A1%2C%22pc_pvid%22%3A%22509f90ac-ddaa-4b45-98c7-9173eebe4188%22%2C%22isWeekLogin%22%3Afalse%2C%22rn%22%3A0%2C%22ump_price%22%3A%22158%22%2C%22isXClose%22%3Afalse%2C%22x_object_id%22%3A899190435089%7D&xxc=home_recommend</a>', 'label': None}",,,/images/tactical-action-camera-mount-arm-Main.jpg,/images/tactical-action-camera-mount-arm-Main.jpg,,,01/05/2026 16:53,"{'date': '01/05/2026', 'date_formatted': '01/05/2026', 'hours': '04', 'minutes': '53', 'am_pm': 'PM', 'unix_timestamp': 1767631980000, 'iso_timestamp': '2026-01-05T16:53:00.000Z', 'timestamp': '01/05/2026 04:53 pm', 'time': 1013, 'time_formatted': '16:53', 'proper_unix_timestamp': 1767649980000, 'proper_iso_timestamp': '2026-01-05T21:53:00.000Z'}",01/05/2026 16:53,"{'date': '01/05/2026', 'date_formatted': '01/05/2026', 'hours': '04', 'minutes': '53', 'am_pm': 'PM', 'unix_timestamp': 1767631980000, 'iso_timestamp': '2026-01-05T16:53:00.000Z', 'timestamp': '01/05/2026 04:53 pm', 'time': 1013, 'time_formatted': '16:53', 'proper_unix_timestamp': 1767649980000, 'proper_iso_timestamp': '2026-01-05T21:53:00.000Z'}",No,False
695c32e51d735f55f73ae87e,tactical-headset-ptt-adapter-with-kenwood-plug,tactical-headset-ptt-adapter-with-kenwood-plug,TACTICAL-029,TACTICAL-029,TC战术耳机转接器民用PTT按键发射对讲机建伍接口支持Z-Tactical-淘宝网,TC战术耳机转接器民用PTT按键发射对讲机建伍接口支持Z-Tactical-淘宝网,TC战术耳机转接器民用PTT按键发射对讲机建伍接口支持Z-Tactical-淘宝网,TC战术耳机转接器民用PTT按键发射对讲机建伍接口支持Z-Tactical-淘宝网,,,,,,,,,Archive,Archive,Yes,True,"<a href=""https://&lt;a href=&quot;https://item.taobao.com/item.htm?from=cart&amp;id=654310678238&amp;mi_id=00004nese5LBflJgCkv9DZ1tUt3AsMV1Gq-Nvco1K0j5vE4&amp;skuId=4721897821415&amp;spm=a1z0d.6639537%2F202410.item.d654310678238.bb3974849IjuHR&amp;upStreamPrice=4990&quot;&gt;https://item.taobao.com/item.htm?from=cart&amp;id=654310678238&amp;mi_id=00004nese5LBflJgCkv9DZ1tUt3AsMV1Gq-Nvco1K0j5vE4&amp;skuId=4721897821415&amp;spm=a1z0d.6639537%2F202410.item.d654310678238.bb3974849IjuHR&amp;upStreamPrice=4990&lt;/a&gt;""><a href=""https://item.taobao.com/item.htm?from=cart&id=654310678238&mi_id=00004nese5LBflJgCkv9DZ1tUt3AsMV1Gq-Nvco1K0j5vE4&skuId=4721897821415&spm=a1z0d.6639537%2F202410.item.d654310678238.bb3974849IjuHR&upStreamPrice=4990"">https://item.taobao.com/item.htm?from=cart&id=654310678238&mi_id=00004nese5LBflJgCkv9DZ1tUt3AsMV1Gq-Nvco1K0j5vE4&skuId=4721897821415&spm=a1z0d.6639537%2F202410.item.d654310678238.bb3974849IjuHR&upStreamPrice=4990</a></a>","{'url': '<a href=""https://item.taobao.com/item.htm?from=cart&id=654310678238&mi_id=00004nese5LBflJgCkv9DZ1tUt3AsMV1Gq-Nvco1K0j5vE4&skuId=4721897821415&spm=a1z0d.6639537%2F202410.item.d654310678238.bb3974849IjuHR&upStreamPrice=4990"">https://item.taobao.com/item.htm?from=cart&id=654310678238&mi_id=00004nese5LBflJgCkv9DZ1tUt3AsMV1Gq-Nvco1K0j5vE4&skuId=4721897821415&spm=a1z0d.6639537%2F202410.item.d654310678238.bb3974849IjuHR&upStreamPrice=4990</a>', 'label': None}",,,/images/tactical-headset-ptt-adapter-with-kenwood-plug-Main.jpg,/images/tactical-headset-ptt-adapter-with-kenwood-plug-Main.jpg,,,01/05/2026 16:53,"{'date': '01/05/2026', 'date_formatted': '01/05/2026', 'hours': '04', 'minutes': '53', 'am_pm': 'PM', 'unix_timestamp': 1767631980000, 'iso_timestamp': '2026-01-05T16:53:00.000Z', 'timestamp': '01/05/2026 04:53 pm', 'time': 1013, 'time_formatted': '16:53', 'proper_unix_timestamp': 1767649980000, 'proper_iso_timestamp': '2026-01-05T21:53:00.000Z'}",01/05/2026 16:53,"{'date': '01/05/2026', 'date_formatted': '01/05/2026', 'hours': '04', 'minutes': '53', 'am_pm': 'PM', 'unix_timestamp': 1767631980000, 'iso_timestamp': '2026-01-05T16:53:00.000Z', 'timestamp': '01/05/2026 04:53 pm', 'time': 1013, 'time_formatted': '16:53', 'proper_unix_timestamp': 1767649980000, 'proper_iso_timestamp': '2026-01-05T21:53:00.000Z'}",No,False
695c32e6c71160ba194b2f65,tactical-molle-phone-pda-navigation-chest-pouch,tactical-molle-phone-pda-navigation-chest-pouch,TACTICAL-026,TACTICAL-026,战术背心通用型MOLLE系统手机导航面板包胸口PDA包户外多功能胸包-淘宝网,战术背心通用型MOLLE系统手机导航面板包胸口PDA包户外多功能胸包-淘宝网,战术背心通用型MOLLE系统手机导航面板包胸口PDA包户外多功能胸包-淘宝网,战术背心通用型MOLLE系统手机导航面板包胸口PDA包户外多功能胸包-淘宝网,,,,,,,,,Archive,Archive,Yes,True,"<a href=""https://&lt;a href=&quot;https://item.taobao.com/item.htm?from=cart&amp;id=713575933395&amp;mi_id=0000Ioctrdmpsm2YWVx9qguSAWyBxZk7-bl7BaZP1cDmo7o&amp;skuId=5165586446648&amp;spm=a1z0d.6639537%2F202410.item.d713575933395.bb3974849IjuHR&amp;upStreamPrice=5500&quot;&gt;https://item.taobao.com/item.htm?from=cart&amp;id=713575933395&amp;mi_id=0000Ioctrdmpsm2YWVx9qguSAWyBxZk7-bl7BaZP1cDmo7o&amp;skuId=5165586446648&amp;spm=a1z0d.6639537%2F202410.item.d713575933395.bb3974849IjuHR&amp;upStreamPrice=5500&lt;/a&gt;""><a href=""https://item.taobao.com/item.htm?from=cart&id=713575933395&mi_id=0000Ioctrdmpsm2YWVx9qguSAWyBxZk7-bl7BaZP1cDmo7o&skuId=5165586446648&spm=a1z0d.6639537%2F202410.item.d713575933395.bb3974849IjuHR&upStreamPrice=5500"">https://item.taobao.com/item.htm?from=cart&id=713575933395&mi_id=0000Ioctrdmpsm2YWVx9qguSAWyBxZk7-bl7BaZP1cDmo7o&skuId=5165586446648&spm=a1z0d.6639537%2F202410.item.d713575933395.bb3974849IjuHR&upStreamPrice=5500</a></a>","{'url': '<a href=""https://item.taobao.com/item.htm?from=cart&id=713575933395&mi_id=0000Ioctrdmpsm2YWVx9qguSAWyBxZk7-bl7BaZP1cDmo7o&skuId=5165586446648&spm=a1z0d.6639537%2F202410.item.d713575933395.bb3974849IjuHR&upStreamPrice=5500"">https://item.taobao.com/item.htm?from=cart&id=713575933395&mi_id=0000Ioctrdmpsm2YWVx9qguSAWyBxZk7-bl7BaZP1cDmo7o&skuId=5165586446648&spm=a1z0d.6639537%2F202410.item.d713575933395.bb3974849IjuHR&upStreamPrice=5500</a>', 'label': None}",,,/images/tactical-molle-phone-pda-navigation-chest-pouch-Main.jpg,/images/tactical-molle-phone-pda-navigation-chest-pouch-Main.jpg,,,01/05/2026 16:53,"{'date': '01/05/2026', 'date_formatted': '01/05/2026', 'hours': '04', 'minutes': '53', 'am_pm': 'PM', 'unix_timestamp': 1767631980000, 'iso_timestamp': '2026-01-05T16:53:00.000Z', 'timestamp': '01/05/2026 04:53 pm', 'time': 1013, 'time_formatted': '16:53', 'proper_unix_timestamp': 1767649980000, 'proper_iso_timestamp': '2026-01-05T21:53:00.000Z'}",01/05/2026 16:53,"{'date': '01/05/2026', 'date_formatted': '01/05/2026', 'hours': '04', 'minutes': '53', 'am_pm': 'PM', 'unix_timestamp': 1767631980000, 'iso_timestamp': '2026-01-05T16:53:00.000Z', 'timestamp': '01/05/2026 04:53 pm', 'time': 1013, 'time_formatted': '16:53', 'proper_unix_timestamp': 1767649980000, 'proper_iso_timestamp': '2026-01-05T21:53:00.000Z'}",No,False
695c32e61e9722c9bff9e448,tactical-multi-purpose-molle-grenade-pouch,tactical-multi-purpose-molle-grenade-pouch,TACTICAL-002,TACTICAL-002,战术多功能手雷模型装备包 手榴弹道具molle同尺寸弹力收纳附件包-淘宝网,战术多功能手雷模型装备包 手榴弹道具molle同尺寸弹力收纳附件包-淘宝网,战术多功能手雷模型装备包 手榴弹道具molle同尺寸弹力收纳附件包-淘宝网,战术多功能手雷模型装备包 手榴弹道具molle同尺寸弹力收纳附件包-淘宝网,,,,,,,,,Archive,Archive,Yes,True,"<a href=""https://&lt;a href=&quot;https://item.taobao.com/item.htm?from=cart&amp;id=911159245418&amp;mi_id=0000DamQMBEF6SyVICsEt2DG6Og9Pw3bSp_zFH2LgajJo4Y&amp;skuId=5940060162282&amp;spm=a1z0d.6639537%2F202410.item.d911159245418.5b4b74841fAyC5&amp;upStreamPrice=3190&quot;&gt;https://item.taobao.com/item.htm?from=cart&amp;id=911159245418&amp;mi_id=0000DamQMBEF6SyVICsEt2DG6Og9Pw3bSp_zFH2LgajJo4Y&amp;skuId=5940060162282&amp;spm=a1z0d.6639537%2F202410.item.d911159245418.5b4b74841fAyC5&amp;upStreamPrice=3190&lt;/a&gt;""><a href=""https://item.taobao.com/item.htm?from=cart&id=911159245418&mi_id=0000DamQMBEF6SyVICsEt2DG6Og9Pw3bSp_zFH2LgajJo4Y&skuId=5940060162282&spm=a1z0d.6639537%2F202410.item.d911159245418.5b4b74841fAyC5&upStreamPrice=3190"">https://item.taobao.com/item.htm?from=cart&id=911159245418&mi_id=0000DamQMBEF6SyVICsEt2DG6Og9Pw3bSp_zFH2LgajJo4Y&skuId=5940060162282&spm=a1z0d.6639537%2F202410.item.d911159245418.5b4b74841fAyC5&upStreamPrice=3190</a></a>","{'url': '<a href=""https://item.taobao.com/item.htm?from=cart&id=911159245418&mi_id=0000DamQMBEF6SyVICsEt2DG6Og9Pw3bSp_zFH2LgajJo4Y&skuId=5940060162282&spm=a1z0d.6639537%2F202410.item.d911159245418.5b4b74841fAyC5&upStreamPrice=3190"">https://item.taobao.com/item.htm?from=cart&id=911159245418&mi_id=0000DamQMBEF6SyVICsEt2DG6Og9Pw3bSp_zFH2LgajJo4Y&skuId=5940060162282&spm=a1z0d.6639537%2F202410.item.d911159245418.5b4b74841fAyC5&upStreamPrice=3190</a>', 'label': None}",,,/images/tactical-multi-purpose-molle-grenade-pouch-Main.jpg,/images/tactical-multi-purpose-molle-grenade-pouch-Main.jpg,,,01/05/2026 16:53,"{'date': '01/05/2026', 'date_formatted': '01/05/2026', 'hours': '04', 'minutes': '53', 'am_pm': 'PM', 'unix_timestamp': 1767631980000, 'iso_timestamp': '2026-01-05T16:53:00.000Z', 'timestamp': '01/05/2026 04:53 pm', 'time': 1013, 'time_formatted': '16:53', 'proper_unix_timestamp': 1767649980000, 'proper_iso_timestamp': '2026-01-05T21:53:00.000Z'}",01/05/2026 16:53,"{'date': '01/05/2026', 'date_formatted': '01/05/2026', 'hours': '04', 'minutes': '53', 'am_pm': 'PM', 'unix_timestamp': 1767631980000, 'iso_timestamp': '2026-01-05T16:53:00.000Z', 'timestamp': '01/05/2026 04:53 pm', 'time': 1013, 'time_formatted': '16:53', 'proper_unix_timestamp': 1767649980000, 'proper_iso_timestamp': '2026-01-05T21:53:00.000Z'}",No,False
695c32e73b00921b6a8bd763,tactical-peq-15-redgreen-laser-and-m300m600-weapon,tactical-peq-15-redgreen-laser-and-m300m600-weapon,TACTICAL-018,TACTICAL-018,战术激光灯PEQ15红绿镭射指示器沃德森M300/M600手电双控鼠尾套装-淘宝网,战术激光灯PEQ15红绿镭射指示器沃德森M300/M600手电双控鼠尾套装-淘宝网,战术激光灯PEQ15红绿镭射指示器沃德森M300/M600手电双控鼠尾套装-淘宝网,战术激光灯PEQ15红绿镭射指示器沃德森M300/M600手电双控鼠尾套装-淘宝网,,,,,,,,,Archive,Archive,Yes,True,"<a href=""https://&lt;a href=&quot;https://item.taobao.com/item.htm?_u=o20bch12k131fe&amp;id=678253192936&amp;spm=a1z09.2.0.0.60532e8ddrfDyH&quot;&gt;https://item.taobao.com/item.htm?_u=o20bch12k131fe&amp;id=678253192936&amp;spm=a1z09.2.0.0.60532e8ddrfDyH&lt;/a&gt;""><a href=""https://item.taobao.com/item.htm?_u=o20bch12k131fe&id=678253192936&spm=a1z09.2.0.0.60532e8ddrfDyH"">https://item.taobao.com/item.htm?_u=o20bch12k131fe&id=678253192936&spm=a1z09.2.0.0.60532e8ddrfDyH</a></a>","{'url': '<a href=""https://item.taobao.com/item.htm?_u=o20bch12k131fe&id=678253192936&spm=a1z09.2.0.0.60532e8ddrfDyH"">https://item.taobao.com/item.htm?_u=o20bch12k131fe&id=678253192936&spm=a1z09.2.0.0.60532e8ddrfDyH</a>', 'label': None}",,,/images/tactical-peq-15-redgreen-laser-and-m300m600-weapon-Main.jpg,/images/tactical-peq-15-redgreen-laser-and-m300m600-weapon-Main.jpg,,,01/05/2026 16:53,"{'date': '01/05/2026', 'date_formatted': '01/05/2026', 'hours': '04', 'minutes': '53', 'am_pm': 'PM', 'unix_timestamp': 1767631980000, 'iso_timestamp': '2026-01-05T16:53:00.000Z', 'timestamp': '01/05/2026 04:53 pm', 'time': 1013, 'time_formatted': '16:53', 'proper_unix_timestamp': 1767649980000, 'proper_iso_timestamp': '2026-01-05T21:53:00.000Z'}",01/05/2026 16:53,"{'date': '01/05/2026', 'date_formatted': '01/05/2026', 'hours': '04', 'minutes': '53', 'am_pm': 'PM', 'unix_timestamp': 1767631980000, 'iso_timestamp': '2026-01-05T16:53:00.000Z', 'timestamp': '01/05/2026 04:53 pm', 'time': 1013, 'time_formatted': '16:53', 'proper_unix_timestamp': 1767649980000, 'proper_iso_timestamp': '2026-01-05T21:53:00.000Z'}",No,False
695c32e71d735f55f73afc99,tactical-vest-cooling-hydration-plate-insert-for-j,tactical-vest-cooling-hydration-plate-insert-for-j,TACTICAL-006,TACTICAL-006,雅科达jpc 6094 cpc AVS战术背心水壶插板内胆降温防护板通用PE板-淘宝网,雅科达jpc 6094 cpc AVS战术背心水壶插板内胆降温防护板通用PE板-淘宝网,雅科达jpc 6094 cpc AVS战术背心水壶插板内胆降温防护板通用PE板-淘宝网,雅科达jpc 6094 cpc AVS战术背心水壶插板内胆降温防护板通用PE板-淘宝网,,,,,,,,,Archive,Archive,Yes,True,"<a href=""https://&lt;a href=&quot;https://item.taobao.com/item.htm?from=cart&amp;id=678305010387&amp;mi_id=00007lVgcAfxAaLtMw5QoeOnvyoHNYPZquvJBGBUuBuGqaA&amp;skuId=5042246591190&amp;spm=a1z0d.6639537%2F202410.item.d678305010387.6c8b7484YUvCoG&amp;upStreamPrice=6900&quot;&gt;https://item.taobao.com/item.htm?from=cart&amp;id=678305010387&amp;mi_id=00007lVgcAfxAaLtMw5QoeOnvyoHNYPZquvJBGBUuBuGqaA&amp;skuId=5042246591190&amp;spm=a1z0d.6639537%2F202410.item.d678305010387.6c8b7484YUvCoG&amp;upStreamPrice=6900&lt;/a&gt;""><a href=""https://item.taobao.com/item.htm?from=cart&id=678305010387&mi_id=00007lVgcAfxAaLtMw5QoeOnvyoHNYPZquvJBGBUuBuGqaA&skuId=5042246591190&spm=a1z0d.6639537%2F202410.item.d678305010387.6c8b7484YUvCoG&upStreamPrice=6900"">https://item.taobao.com/item.htm?from=cart&id=678305010387&mi_id=00007lVgcAfxAaLtMw5QoeOnvyoHNYPZquvJBGBUuBuGqaA&skuId=5042246591190&spm=a1z0d.6639537%2F202410.item.d678305010387.6c8b7484YUvCoG&upStreamPrice=6900</a></a>","{'url': '<a href=""https://item.taobao.com/item.htm?from=cart&id=678305010387&mi_id=00007lVgcAfxAaLtMw5QoeOnvyoHNYPZquvJBGBUuBuGqaA&skuId=5042246591190&spm=a1z0d.6639537%2F202410.item.d678305010387.6c8b7484YUvCoG&upStreamPrice=6900"">https://item.taobao.com/item.htm?from=cart&id=678305010387&mi_id=00007lVgcAfxAaLtMw5QoeOnvyoHNYPZquvJBGBUuBuGqaA&skuId=5042246591190&spm=a1z0d.6639537%2F202410.item.d678305010387.6c8b7484YUvCoG&upStreamPrice=6900</a>', 'label': None}",,,/images/tactical-vest-cooling-hydration-plate-insert-for-j-Main.jpg,/images/tactical-vest-cooling-hydration-plate-insert-for-j-Main.jpg,,,01/05/2026 16:53,"{'date': '01/05/2026', 'date_formatted': '01/05/2026', 'hours': '04', 'minutes': '53', 'am_pm': 'PM', 'unix_timestamp': 1767631980000, 'iso_timestamp': '2026-01-05T16:53:00.000Z', 'timestamp': '01/05/2026 04:53 pm', 'time': 1013, 'time_formatted': '16:53', 'proper_unix_timestamp': 1767649980000, 'proper_iso_timestamp': '2026-01-05T21:53:00.000Z'}",01/05/2026 16:53,"{'date': '01/05/2026', 'date_formatted': '01/05/2026', 'hours': '04', 'minutes': '53', 'am_pm': 'PM', 'unix_timestamp': 1767631980000, 'iso_timestamp': '2026-01-05T16:53:00.000Z', 'timestamp': '01/05/2026 04:53 pm', 'time': 1013, 'time_formatted': '16:53', 'proper_unix_timestamp': 1767649980000, 'proper_iso_timestamp': '2026-01-05T21:53:00.000Z'}",No,False
695c32e7bde2c63e6cadfe4d,universal-gas-magazine-valve-tool-stainless-steel,universal-gas-magazine-valve-tool-stainless-steel,UNIVERSA-022,UNIVERSA-022,KUBLAI库拜来P1N23456789/ZY通用进出气阀扳手钥匙拆装工具不锈钢-淘宝网,KUBLAI库拜来P1N23456789/ZY通用进出气阀扳手钥匙拆装工具不锈钢-淘宝网,KUBLAI库拜来P1N23456789/ZY通用进出气阀扳手钥匙拆装工具不锈钢-淘宝网,KUBLAI库拜来P1N23456789/ZY通用进出气阀扳手钥匙拆装工具不锈钢-淘宝网,,,,,,,,,Archive,Archive,Yes,True,"<a href=""https://&lt;a href=&quot;https://item.taobao.com/item.htm?_u=o20bch12k1a0f4&amp;id=859285997780&quot;&gt;https://item.taobao.com/item.htm?_u=o20bch12k1a0f4&amp;id=859285997780&lt;/a&gt;""><a href=""https://item.taobao.com/item.htm?_u=o20bch12k1a0f4&id=859285997780"">https://item.taobao.com/item.htm?_u=o20bch12k1a0f4&id=859285997780</a></a>","{'url': '<a href=""https://item.taobao.com/item.htm?_u=o20bch12k1a0f4&id=859285997780"">https://item.taobao.com/item.htm?_u=o20bch12k1a0f4&id=859285997780</a>', 'label': None}",,,/images/universal-gas-magazine-valve-tool-stainless-steel-Main.jpg,/images/universal-gas-magazine-valve-tool-stainless-steel-Main.jpg,,,01/05/2026 16:53,"{'date': '01/05/2026', 'date_formatted': '01/05/2026', 'hours': '04', 'minutes': '53', 'am_pm': 'PM', 'unix_timestamp': 1767631980000, 'iso_timestamp': '2026-01-05T16:53:00.000Z', 'timestamp': '01/05/2026 04:53 pm', 'time': 1013, 'time_formatted': '16:53', 'proper_unix_timestamp': 1767649980000, 'proper_iso_timestamp': '2026-01-05T21:53:00.000Z'}",01/05/2026 16:53,"{'date': '01/05/2026', 'date_formatted': '01/05/2026', 'hours': '04', 'minutes': '53', 'am_pm': 'PM', 'unix_timestamp': 1767631980000, 'iso_timestamp': '2026-01-05T16:53:00.000Z', 'timestamp': '01/05/2026 04:53 pm', 'time': 1013, 'time_formatted': '16:53', 'proper_unix_timestamp': 1767649980000, 'proper_iso_timestamp': '2026-01-05T21:53:00.000Z'}",No,False
695c32e8bde2c63e6cae0ebb,windproof-dustproof-tactical-balaclava-hood,windproof-dustproof-tactical-balaclava-hood,WINDPROO-021,WINDPROO-021,俄罗斯小绿人搭配防尘防雾战术防风骑行军迷户外头套卡其色绿色-淘宝网,俄罗斯小绿人搭配防尘防雾战术防风骑行军迷户外头套卡其色绿色-淘宝网,俄罗斯小绿人搭配防尘防雾战术防风骑行军迷户外头套卡其色绿色-淘宝网,俄罗斯小绿人搭配防尘防雾战术防风骑行军迷户外头套卡其色绿色-淘宝网,,,,,,,,,Archive,Archive,Yes,True,"<a href=""https://&lt;a href=&quot;https://item.taobao.com/item.htm?_u=o20bch12k1bff3&amp;id=723563903640&quot;&gt;https://item.taobao.com/item.htm?_u=o20bch12k1bff3&amp;id=723563903640&lt;/a&gt;""><a href=""https://item.taobao.com/item.htm?_u=o20bch12k1bff3&id=723563903640"">https://item.taobao.com/item.htm?_u=o20bch12k1bff3&id=723563903640</a></a>","{'url': '<a href=""https://item.taobao.com/item.htm?_u=o20bch12k1bff3&id=723563903640"">https://item.taobao.com/item.htm?_u=o20bch12k1bff3&id=723563903640</a>', 'label': None}",,,/images/windproof-dustproof-tactical-balaclava-hood-Main.jpg,/images/windproof-dustproof-tactical-balaclava-hood-Main.jpg,,,01/05/2026 16:53,"{'date': '01/05/2026', 'date_formatted': '01/05/2026', 'hours': '04', 'minutes': '53', 'am_pm': 'PM', 'unix_timestamp': 1767631980000, 'iso_timestamp': '2026-01-05T16:53:00.000Z', 'timestamp': '01/05/2026 04:53 pm', 'time': 1013, 'time_formatted': '16:53', 'proper_unix_timestamp': 1767649980000, 'proper_iso_timestamp': '2026-01-05T21:53:00.000Z'}",01/05/2026 16:53,"{'date': '01/05/2026', 'date_formatted': '01/05/2026', 'hours': '04', 'minutes': '53', 'am_pm': 'PM', 'unix_timestamp': 1767631980000, 'iso_timestamp': '2026-01-05T16:53:00.000Z', 'timestamp': '01/05/2026 04:53 pm', 'time': 1013, 'time_formatted': '16:53', 'proper_unix_timestamp': 1767649980000, 'proper_iso_timestamp': '2026-01-05T21:53:00.000Z'}",No,False
