Product ID,Title,Status,Variant Count,URL
695c385f612ae4b6297e96ba,2011战斗大师快拔枪套带灯下挂战术手电UDL P8M N8弹夹套TTI塔兰,Active,0,"<a href=""https://&amp;lt;a href=&quot;https://&lt;a href=&quot;https://item.taobao.com/item.htm?_u=o20bch12k1cb20&amp;id=709022174805&amp;spm=a1z09.2.0.0.60532e8ddrfDyH&quot;&gt;https://item.taobao.com/item.htm?_u=o20bch12k1cb20&amp;id=709022174805&amp;spm=a1z09.2.0.0.60532e8ddrfDyH&lt;/a&gt;&quot;&gt;&lt;a href=&quot;https://item.taobao.com/item.htm?_u=o20bch12k1cb20&amp;id=709022174805&amp;spm=a1z09.2.0.0.60532e8ddrfDyH&quot;&gt;https://item.taobao.com/item.htm?_u=o20bch12k1cb20&amp;id=709022174805&amp;spm=a1z09.2.0.0.60532e8ddrfDyH&lt;/a&gt;"">&lt;a href=""https://<a href=""https://item.taobao.com/item.htm?_u=o20bch12k1cb20&id=709022174805&spm=a1z09.2.0.0.60532e8ddrfDyH"">https://item.taobao.com/item.htm?_u=o20bch12k1cb20&id=709022174805&spm=a1z09.2.0.0.60532e8ddrfDyH</a>""><a href=""https://item.taobao.com/item.htm?_u=o20bch12k1cb20&id=709022174805&spm=a1z09.2.0.0.60532e8ddrfDyH"">https://item.taobao.com/item.htm?_u=o20bch12k1cb20&id=709022174805&spm=a1z09.2.0.0.60532e8ddrfDyH</a></a>"
695c3860f7c4633092b858cb,MAG内置弹夹袋快拔固定板工具附件包战术背心5.56/7.62硬质内衬板,Active,0,"<a href=""https://&amp;lt;a href=&quot;https://&lt;a href=&quot;https://item.taobao.com/item.htm?_u=o20bch12k17acc&amp;id=940910394002&amp;spm=a1z09.2.0.0.60532e8ddrfDyH&quot;&gt;https://item.taobao.com/item.htm?_u=o20bch12k17acc&amp;id=940910394002&amp;spm=a1z09.2.0.0.60532e8ddrfDyH&lt;/a&gt;&quot;&gt;&lt;a href=&quot;https://item.taobao.com/item.htm?_u=o20bch12k17acc&amp;id=940910394002&amp;spm=a1z09.2.0.0.60532e8ddrfDyH&quot;&gt;https://item.taobao.com/item.htm?_u=o20bch12k17acc&amp;id=940910394002&amp;spm=a1z09.2.0.0.60532e8ddrfDyH&lt;/a&gt;"">&lt;a href=""https://<a href=""https://item.taobao.com/item.htm?_u=o20bch12k17acc&id=940910394002&spm=a1z09.2.0.0.60532e8ddrfDyH"">https://item.taobao.com/item.htm?_u=o20bch12k17acc&id=940910394002&spm=a1z09.2.0.0.60532e8ddrfDyH</a>""><a href=""https://item.taobao.com/item.htm?_u=o20bch12k17acc&id=940910394002&spm=a1z09.2.0.0.60532e8ddrfDyH"">https://item.taobao.com/item.htm?_u=o20bch12k17acc&id=940910394002&spm=a1z09.2.0.0.60532e8ddrfDyH</a></a>"
695c38609cd3039a827512e5,6094战术背心战术马甲CS 户外野营组合背心 战狼野战作训战术背心,Active,0,"<a href=""https://&amp;lt;a href=&quot;https://&lt;a href=&quot;https://item.taobao.com/item.htm?from=cart&amp;id=719244198696&amp;mi_id=00001vTYijl0U83yyU_evtt_lS2GW4b5IUKC_5zSBHYMbKU&amp;skuId=5016127281643&amp;upStreamPrice=5690&quot;&gt;https://item.taobao.com/item.htm?from=cart&amp;id=719244198696&amp;mi_id=00001vTYijl0U83yyU_evtt_lS2GW4b5IUKC_5zSBHYMbKU&amp;skuId=5016127281643&amp;upStreamPrice=5690&lt;/a&gt;&quot;&gt;&lt;a href=&quot;https://item.taobao.com/item.htm?from=cart&amp;id=719244198696&amp;mi_id=00001vTYijl0U83yyU_evtt_lS2GW4b5IUKC_5zSBHYMbKU&amp;skuId=5016127281643&amp;upStreamPrice=5690&quot;&gt;https://item.taobao.com/item.htm?from=cart&amp;id=719244198696&amp;mi_id=00001vTYijl0U83yyU_evtt_lS2GW4b5IUKC_5zSBHYMbKU&amp;skuId=5016127281643&amp;upStreamPrice=5690&lt;/a&gt;"">&lt;a href=""https://<a href=""https://item.taobao.com/item.htm?from=cart&id=719244198696&mi_id=00001vTYijl0U83yyU_evtt_lS2GW4b5IUKC_5zSBHYMbKU&skuId=5016127281643&upStreamPrice=5690"">https://item.taobao.com/item.htm?from=cart&id=719244198696&mi_id=00001vTYijl0U83yyU_evtt_lS2GW4b5IUKC_5zSBHYMbKU&skuId=5016127281643&upStreamPrice=5690</a>""><a href=""https://item.taobao.com/item.htm?from=cart&id=719244198696&mi_id=00001vTYijl0U83yyU_evtt_lS2GW4b5IUKC_5zSBHYMbKU&skuId=5016127281643&upStreamPrice=5690"">https://item.taobao.com/item.htm?from=cart&id=719244198696&mi_id=00001vTYijl0U83yyU_evtt_lS2GW4b5IUKC_5zSBHYMbKU&skuId=5016127281643&upStreamPrice=5690</a></a>"
695c3861612ae4b6297eb1c2,"Tactical New White 8-Piece Set (Security Patrol Duty Belt, Quick Release Locking Holster)",Active,0,"<a href=""https://&amp;lt;a href=&quot;https://&lt;a href=&quot;https://item.taobao.com/item.htm?id=974743803214&quot;&gt;https://item.taobao.com/item.htm?id=974743803214&lt;/a&gt;&quot;&gt;&lt;a href=&quot;https://item.taobao.com/item.htm?id=974743803214&quot;&gt;https://item.taobao.com/item.htm?id=974743803214&lt;/a&gt;"">&lt;a href=""https://<a href=""https://item.taobao.com/item.htm?id=974743803214"">https://item.taobao.com/item.htm?id=974743803214</a>""><a href=""https://item.taobao.com/item.htm?id=974743803214"">https://item.taobao.com/item.htm?id=974743803214</a></a>"
695c38611e9722c9bf2f6102,电筒PEQ鼠尾开关Gold属卡槽导轨固定器线夹铝制导线,Active,0,"<a href=""https://&amp;lt;a href=&quot;https://&lt;a href=&quot;https://item.taobao.com/item.htm?_u=o20bch12k10156&amp;id=890198613762&amp;spm=a1z09.2.0.0.60532e8ddrfDyH&quot;&gt;https://item.taobao.com/item.htm?_u=o20bch12k10156&amp;id=890198613762&amp;spm=a1z09.2.0.0.60532e8ddrfDyH&lt;/a&gt;&quot;&gt;&lt;a href=&quot;https://item.taobao.com/item.htm?_u=o20bch12k10156&amp;id=890198613762&amp;spm=a1z09.2.0.0.60532e8ddrfDyH&quot;&gt;https://item.taobao.com/item.htm?_u=o20bch12k10156&amp;id=890198613762&amp;spm=a1z09.2.0.0.60532e8ddrfDyH&lt;/a&gt;"">&lt;a href=""https://<a href=""https://item.taobao.com/item.htm?_u=o20bch12k10156&id=890198613762&spm=a1z09.2.0.0.60532e8ddrfDyH"">https://item.taobao.com/item.htm?_u=o20bch12k10156&id=890198613762&spm=a1z09.2.0.0.60532e8ddrfDyH</a>""><a href=""https://item.taobao.com/item.htm?_u=o20bch12k10156&id=890198613762&spm=a1z09.2.0.0.60532e8ddrfDyH"">https://item.taobao.com/item.htm?_u=o20bch12k10156&id=890198613762&spm=a1z09.2.0.0.60532e8ddrfDyH</a></a>"
695c3861bde2c63e6ce35cfc,LeftRight手转换快拔枪套 G17 G19 2011 VP9 P320带下挂万用型导轨枪套,Active,0,"<a href=""https://&amp;lt;a href=&quot;https://&lt;a href=&quot;https://item.taobao.com/item.htm?from=cart&amp;id=708088774060&amp;mi_id=00000Dl6Yto0A-QIVlqXsg56sBv96wXXlL80VCMH2b_Um5U&amp;skuId=5000133305622&amp;spm=a1z0d.6639537%2F202410.item.d708088774060.5b4b74841fAyC5&amp;upStreamPrice=5900&quot;&gt;https://item.taobao.com/item.htm?from=cart&amp;id=708088774060&amp;mi_id=00000Dl6Yto0A-QIVlqXsg56sBv96wXXlL80VCMH2b_Um5U&amp;skuId=5000133305622&amp;spm=a1z0d.6639537%2F202410.item.d708088774060.5b4b74841fAyC5&amp;upStreamPrice=5900&lt;/a&gt;&quot;&gt;&lt;a href=&quot;https://item.taobao.com/item.htm?from=cart&amp;id=708088774060&amp;mi_id=00000Dl6Yto0A-QIVlqXsg56sBv96wXXlL80VCMH2b_Um5U&amp;skuId=5000133305622&amp;spm=a1z0d.6639537%2F202410.item.d708088774060.5b4b74841fAyC5&amp;upStreamPrice=5900&quot;&gt;https://item.taobao.com/item.htm?from=cart&amp;id=708088774060&amp;mi_id=00000Dl6Yto0A-QIVlqXsg56sBv96wXXlL80VCMH2b_Um5U&amp;skuId=5000133305622&amp;spm=a1z0d.6639537%2F202410.item.d708088774060.5b4b74841fAyC5&amp;upStreamPrice=5900&lt;/a&gt;"">&lt;a href=""https://<a href=""https://item.taobao.com/item.htm?from=cart&id=708088774060&mi_id=00000Dl6Yto0A-QIVlqXsg56sBv96wXXlL80VCMH2b_Um5U&skuId=5000133305622&spm=a1z0d.6639537%2F202410.item.d708088774060.5b4b74841fAyC5&upStreamPrice=5900"">https://item.taobao.com/item.htm?from=cart&id=708088774060&mi_id=00000Dl6Yto0A-QIVlqXsg56sBv96wXXlL80VCMH2b_Um5U&skuId=5000133305622&spm=a1z0d.6639537%2F202410.item.d708088774060.5b4b74841fAyC5&upStreamPrice=5900</a>""><a href=""https://item.taobao.com/item.htm?from=cart&id=708088774060&mi_id=00000Dl6Yto0A-QIVlqXsg56sBv96wXXlL80VCMH2b_Um5U&skuId=5000133305622&spm=a1z0d.6639537%2F202410.item.d708088774060.5b4b74841fAyC5&upStreamPrice=5900"">https://item.taobao.com/item.htm?from=cart&id=708088774060&mi_id=00000Dl6Yto0A-QIVlqXsg56sBv96wXXlL80VCMH2b_Um5U&skuId=5000133305622&spm=a1z0d.6639537%2F202410.item.d708088774060.5b4b74841fAyC5&upStreamPrice=5900</a></a>"
695c38621e9722c9bf2f6208,C3战术耳机头盔款拾音降噪耳机通讯设备耳麦户外耳罩C5后翻支架,Active,0,"<a href=""https://&amp;lt;a href=&quot;https://&lt;a href=&quot;https://item.taobao.com/item.htm?abbucket=10&amp;id=745631978766&amp;mi_id=0000XM-VeiSPZrOJ13BolUMJFGnTLgxuf7fPdv5ApocYDsQ&amp;ns=1&amp;priceTId=215040d517651356972174347e1f0d&amp;skuId=5144105681681&amp;utparam=%7B%22aplus_abtest%22:%226116ca04a729fad4f35b12aefe30303d%22%7D&amp;xxc=taobaoSearch&quot;&gt;https://item.taobao.com/item.htm?abbucket=10&amp;id=745631978766&amp;mi_id=0000XM-VeiSPZrOJ13BolUMJFGnTLgxuf7fPdv5ApocYDsQ&amp;ns=1&amp;priceTId=215040d517651356972174347e1f0d&amp;skuId=5144105681681&amp;utparam=%7B%22aplus_abtest%22:%226116ca04a729fad4f35b12aefe30303d%22%7D&amp;xxc=taobaoSearch&lt;/a&gt;&quot;&gt;&lt;a href=&quot;https://item.taobao.com/item.htm?abbucket=10&amp;id=745631978766&amp;mi_id=0000XM-VeiSPZrOJ13BolUMJFGnTLgxuf7fPdv5ApocYDsQ&amp;ns=1&amp;priceTId=215040d517651356972174347e1f0d&amp;skuId=5144105681681&amp;utparam=%7B%22aplus_abtest%22:%226116ca04a729fad4f35b12aefe30303d%22%7D&amp;xxc=taobaoSearch&quot;&gt;https://item.taobao.com/item.htm?abbucket=10&amp;id=745631978766&amp;mi_id=0000XM-VeiSPZrOJ13BolUMJFGnTLgxuf7fPdv5ApocYDsQ&amp;ns=1&amp;priceTId=215040d517651356972174347e1f0d&amp;skuId=5144105681681&amp;utparam=%7B%22aplus_abtest%22:%226116ca04a729fad4f35b12aefe30303d%22%7D&amp;xxc=taobaoSearch&lt;/a&gt;"">&lt;a href=""https://<a href=""https://item.taobao.com/item.htm?abbucket=10&id=745631978766&mi_id=0000XM-VeiSPZrOJ13BolUMJFGnTLgxuf7fPdv5ApocYDsQ&ns=1&priceTId=215040d517651356972174347e1f0d&skuId=5144105681681&utparam=%7B%22aplus_abtest%22:%226116ca04a729fad4f35b12aefe30303d%22%7D&xxc=taobaoSearch"">https://item.taobao.com/item.htm?abbucket=10&id=745631978766&mi_id=0000XM-VeiSPZrOJ13BolUMJFGnTLgxuf7fPdv5ApocYDsQ&ns=1&priceTId=215040d517651356972174347e1f0d&skuId=5144105681681&utparam=%7B%22aplus_abtest%22:%226116ca04a729fad4f35b12aefe30303d%22%7D&xxc=taobaoSearch</a>""><a href=""https://item.taobao.com/item.htm?abbucket=10&id=745631978766&mi_id=0000XM-VeiSPZrOJ13BolUMJFGnTLgxuf7fPdv5ApocYDsQ&ns=1&priceTId=215040d517651356972174347e1f0d&skuId=5144105681681&utparam=%7B%22aplus_abtest%22:%226116ca04a729fad4f35b12aefe30303d%22%7D&xxc=taobaoSearch"">https://item.taobao.com/item.htm?abbucket=10&id=745631978766&mi_id=0000XM-VeiSPZrOJ13BolUMJFGnTLgxuf7fPdv5ApocYDsQ&ns=1&priceTId=215040d517651356972174347e1f0d&skuId=5144105681681&utparam=%7B%22aplus_abtest%22:%226116ca04a729fad4f35b12aefe30303d%22%7D&xxc=taobaoSearch</a></a>"
695c3862cd0d7527392c0f5a,WoSporT K系列头盔电池Camo副包 兼容盔布PVS-31电池配件配重副包,Active,0,"<a href=""https://&amp;lt;a href=&quot;https://&lt;a href=&quot;https://item.taobao.com/item.htm?from=cart&amp;id=814126590282&amp;mi_id=0000CBdlZtYyOupJplHdOyzW6aDVL6nCFH1Cy7k-WZuyzb4&amp;skuId=5676963518403&amp;spm=a1z0d.6639537%2F202410.item.d814126590282.bb3974849IjuHR&amp;upStreamPrice=4500&quot;&gt;https://item.taobao.com/item.htm?from=cart&amp;id=814126590282&amp;mi_id=0000CBdlZtYyOupJplHdOyzW6aDVL6nCFH1Cy7k-WZuyzb4&amp;skuId=5676963518403&amp;spm=a1z0d.6639537%2F202410.item.d814126590282.bb3974849IjuHR&amp;upStreamPrice=4500&lt;/a&gt;&quot;&gt;&lt;a href=&quot;https://item.taobao.com/item.htm?from=cart&amp;id=814126590282&amp;mi_id=0000CBdlZtYyOupJplHdOyzW6aDVL6nCFH1Cy7k-WZuyzb4&amp;skuId=5676963518403&amp;spm=a1z0d.6639537%2F202410.item.d814126590282.bb3974849IjuHR&amp;upStreamPrice=4500&quot;&gt;https://item.taobao.com/item.htm?from=cart&amp;id=814126590282&amp;mi_id=0000CBdlZtYyOupJplHdOyzW6aDVL6nCFH1Cy7k-WZuyzb4&amp;skuId=5676963518403&amp;spm=a1z0d.6639537%2F202410.item.d814126590282.bb3974849IjuHR&amp;upStreamPrice=4500&lt;/a&gt;"">&lt;a href=""https://<a href=""https://item.taobao.com/item.htm?from=cart&id=814126590282&mi_id=0000CBdlZtYyOupJplHdOyzW6aDVL6nCFH1Cy7k-WZuyzb4&skuId=5676963518403&spm=a1z0d.6639537%2F202410.item.d814126590282.bb3974849IjuHR&upStreamPrice=4500"">https://item.taobao.com/item.htm?from=cart&id=814126590282&mi_id=0000CBdlZtYyOupJplHdOyzW6aDVL6nCFH1Cy7k-WZuyzb4&skuId=5676963518403&spm=a1z0d.6639537%2F202410.item.d814126590282.bb3974849IjuHR&upStreamPrice=4500</a>""><a href=""https://item.taobao.com/item.htm?from=cart&id=814126590282&mi_id=0000CBdlZtYyOupJplHdOyzW6aDVL6nCFH1Cy7k-WZuyzb4&skuId=5676963518403&spm=a1z0d.6639537%2F202410.item.d814126590282.bb3974849IjuHR&upStreamPrice=4500"">https://item.taobao.com/item.htm?from=cart&id=814126590282&mi_id=0000CBdlZtYyOupJplHdOyzW6aDVL6nCFH1Cy7k-WZuyzb4&skuId=5676963518403&spm=a1z0d.6639537%2F202410.item.d814126590282.bb3974849IjuHR&upStreamPrice=4500</a></a>"
695c3863bde2c63e6ce3669f,跨境新品Clay the Claymore呆萌小方块毛绒公仔节日赠礼好物,Active,0,"<a href=""https://&amp;lt;a href=&quot;https://&lt;a href=&quot;https://item.taobao.com/item.htm?from=cart&amp;id=914138043076&amp;mi_id=0000LZZAyY7y9rcY9bYKwnCZN9MsPefkkGQs-qxIJfgCs30&amp;skuId=5779984244599&amp;spm=a1z0d.6639537%2F202410.item.d914138043076.5b4b74841fAyC5&amp;upStreamPrice=2380&quot;&gt;https://item.taobao.com/item.htm?from=cart&amp;id=914138043076&amp;mi_id=0000LZZAyY7y9rcY9bYKwnCZN9MsPefkkGQs-qxIJfgCs30&amp;skuId=5779984244599&amp;spm=a1z0d.6639537%2F202410.item.d914138043076.5b4b74841fAyC5&amp;upStreamPrice=2380&lt;/a&gt;&quot;&gt;&lt;a href=&quot;https://item.taobao.com/item.htm?from=cart&amp;id=914138043076&amp;mi_id=0000LZZAyY7y9rcY9bYKwnCZN9MsPefkkGQs-qxIJfgCs30&amp;skuId=5779984244599&amp;spm=a1z0d.6639537%2F202410.item.d914138043076.5b4b74841fAyC5&amp;upStreamPrice=2380&quot;&gt;https://item.taobao.com/item.htm?from=cart&amp;id=914138043076&amp;mi_id=0000LZZAyY7y9rcY9bYKwnCZN9MsPefkkGQs-qxIJfgCs30&amp;skuId=5779984244599&amp;spm=a1z0d.6639537%2F202410.item.d914138043076.5b4b74841fAyC5&amp;upStreamPrice=2380&lt;/a&gt;"">&lt;a href=""https://<a href=""https://item.taobao.com/item.htm?from=cart&id=914138043076&mi_id=0000LZZAyY7y9rcY9bYKwnCZN9MsPefkkGQs-qxIJfgCs30&skuId=5779984244599&spm=a1z0d.6639537%2F202410.item.d914138043076.5b4b74841fAyC5&upStreamPrice=2380"">https://item.taobao.com/item.htm?from=cart&id=914138043076&mi_id=0000LZZAyY7y9rcY9bYKwnCZN9MsPefkkGQs-qxIJfgCs30&skuId=5779984244599&spm=a1z0d.6639537%2F202410.item.d914138043076.5b4b74841fAyC5&upStreamPrice=2380</a>""><a href=""https://item.taobao.com/item.htm?from=cart&id=914138043076&mi_id=0000LZZAyY7y9rcY9bYKwnCZN9MsPefkkGQs-qxIJfgCs30&skuId=5779984244599&spm=a1z0d.6639537%2F202410.item.d914138043076.5b4b74841fAyC5&upStreamPrice=2380"">https://item.taobao.com/item.htm?from=cart&id=914138043076&mi_id=0000LZZAyY7y9rcY9bYKwnCZN9MsPefkkGQs-qxIJfgCs30&skuId=5779984244599&spm=a1z0d.6639537%2F202410.item.d914138043076.5b4b74841fAyC5&upStreamPrice=2380</a></a>"
695c3863b3a75d879c626514,CNCGold属护边铝合Gold底盖底座配件,Active,0,"<a href=""https://&amp;lt;a href=&quot;https://&lt;a href=&quot;https://item.taobao.com/item.htm?from=cart&amp;id=756814464555&amp;mi_id=0000PSKDmhaXtwRwa3bz-nhnQHIk1my1x03orEdGQUgLi48&amp;skuId=5392008155717&amp;spm=a1z0d.6639537%2F202410.item.d756814464555.6c8b7484YUvCoG&amp;upStreamPrice=5600&quot;&gt;https://item.taobao.com/item.htm?from=cart&amp;id=756814464555&amp;mi_id=0000PSKDmhaXtwRwa3bz-nhnQHIk1my1x03orEdGQUgLi48&amp;skuId=5392008155717&amp;spm=a1z0d.6639537%2F202410.item.d756814464555.6c8b7484YUvCoG&amp;upStreamPrice=5600&lt;/a&gt;&quot;&gt;&lt;a href=&quot;https://item.taobao.com/item.htm?from=cart&amp;id=756814464555&amp;mi_id=0000PSKDmhaXtwRwa3bz-nhnQHIk1my1x03orEdGQUgLi48&amp;skuId=5392008155717&amp;spm=a1z0d.6639537%2F202410.item.d756814464555.6c8b7484YUvCoG&amp;upStreamPrice=5600&quot;&gt;https://item.taobao.com/item.htm?from=cart&amp;id=756814464555&amp;mi_id=0000PSKDmhaXtwRwa3bz-nhnQHIk1my1x03orEdGQUgLi48&amp;skuId=5392008155717&amp;spm=a1z0d.6639537%2F202410.item.d756814464555.6c8b7484YUvCoG&amp;upStreamPrice=5600&lt;/a&gt;"">&lt;a href=""https://<a href=""https://item.taobao.com/item.htm?from=cart&id=756814464555&mi_id=0000PSKDmhaXtwRwa3bz-nhnQHIk1my1x03orEdGQUgLi48&skuId=5392008155717&spm=a1z0d.6639537%2F202410.item.d756814464555.6c8b7484YUvCoG&upStreamPrice=5600"">https://item.taobao.com/item.htm?from=cart&id=756814464555&mi_id=0000PSKDmhaXtwRwa3bz-nhnQHIk1my1x03orEdGQUgLi48&skuId=5392008155717&spm=a1z0d.6639537%2F202410.item.d756814464555.6c8b7484YUvCoG&upStreamPrice=5600</a>""><a href=""https://item.taobao.com/item.htm?from=cart&id=756814464555&mi_id=0000PSKDmhaXtwRwa3bz-nhnQHIk1my1x03orEdGQUgLi48&skuId=5392008155717&spm=a1z0d.6639537%2F202410.item.d756814464555.6c8b7484YUvCoG&upStreamPrice=5600"">https://item.taobao.com/item.htm?from=cart&id=756814464555&mi_id=0000PSKDmhaXtwRwa3bz-nhnQHIk1my1x03orEdGQUgLi48&skuId=5392008155717&spm=a1z0d.6639537%2F202410.item.d756814464555.6c8b7484YUvCoG&upStreamPrice=5600</a></a>"
695c386328a735d447062783,Speedqb护具Set成人滑板下场护膝护肘护掌SQB水弹酷峰CNSQB竞技,Active,0,"<a href=""https://&amp;lt;a href=&quot;https://&lt;a href=&quot;https://item.taobao.com/item.htm?_u=o20bch12k15a90&amp;id=586117181099&amp;spm=a1z09.2.0.0.60532e8ddrfDyH&quot;&gt;https://item.taobao.com/item.htm?_u=o20bch12k15a90&amp;id=586117181099&amp;spm=a1z09.2.0.0.60532e8ddrfDyH&lt;/a&gt;&quot;&gt;&lt;a href=&quot;https://item.taobao.com/item.htm?_u=o20bch12k15a90&amp;id=586117181099&amp;spm=a1z09.2.0.0.60532e8ddrfDyH&quot;&gt;https://item.taobao.com/item.htm?_u=o20bch12k15a90&amp;id=586117181099&amp;spm=a1z09.2.0.0.60532e8ddrfDyH&lt;/a&gt;"">&lt;a href=""https://<a href=""https://item.taobao.com/item.htm?_u=o20bch12k15a90&id=586117181099&spm=a1z09.2.0.0.60532e8ddrfDyH"">https://item.taobao.com/item.htm?_u=o20bch12k15a90&id=586117181099&spm=a1z09.2.0.0.60532e8ddrfDyH</a>""><a href=""https://item.taobao.com/item.htm?_u=o20bch12k15a90&id=586117181099&spm=a1z09.2.0.0.60532e8ddrfDyH"">https://item.taobao.com/item.htm?_u=o20bch12k15a90&id=586117181099&spm=a1z09.2.0.0.60532e8ddrfDyH</a></a>"
695c3864f4bf2f7ec1594e18,运动护臂蜂窝加长防撞防摔擦伤加厚防晒专业袖套手臂护具篮足排球,Active,0,"<a href=""https://&amp;lt;a href=&quot;https://&lt;a href=&quot;https://item.taobao.com/item.htm?_u=o20bch12k1a6e1&amp;id=815037864475&amp;spm=a1z09.2.0.0.60532e8ddrfDyH&quot;&gt;https://item.taobao.com/item.htm?_u=o20bch12k1a6e1&amp;id=815037864475&amp;spm=a1z09.2.0.0.60532e8ddrfDyH&lt;/a&gt;&quot;&gt;&lt;a href=&quot;https://item.taobao.com/item.htm?_u=o20bch12k1a6e1&amp;id=815037864475&amp;spm=a1z09.2.0.0.60532e8ddrfDyH&quot;&gt;https://item.taobao.com/item.htm?_u=o20bch12k1a6e1&amp;id=815037864475&amp;spm=a1z09.2.0.0.60532e8ddrfDyH&lt;/a&gt;"">&lt;a href=""https://<a href=""https://item.taobao.com/item.htm?_u=o20bch12k1a6e1&id=815037864475&spm=a1z09.2.0.0.60532e8ddrfDyH"">https://item.taobao.com/item.htm?_u=o20bch12k1a6e1&id=815037864475&spm=a1z09.2.0.0.60532e8ddrfDyH</a>""><a href=""https://item.taobao.com/item.htm?_u=o20bch12k1a6e1&id=815037864475&spm=a1z09.2.0.0.60532e8ddrfDyH"">https://item.taobao.com/item.htm?_u=o20bch12k1a6e1&id=815037864475&spm=a1z09.2.0.0.60532e8ddrfDyH</a></a>"
695c3864e3d1a0c371b82e5f,灵鹰FASTCamo盔罩伪装帽套战术头盔改装配件CP魔蝎Camo弹力绳盔罩,Active,0,"<a href=""https://&amp;lt;a href=&quot;https://&lt;a href=&quot;https://detail.tmall.com/item.htm?abbucket=10&amp;id=705219860637&amp;mi_id=0000N1yvJ8QIYm2Y-uSz0flpJeWHn8uelculDqOJBmmtHV8&amp;ns=1&amp;priceTId=215047c617651359169547014e0e87&amp;skuId=4960844112016&amp;utparam=%7B%22aplus_abtest%22:%225a64fdd19c59ec5a513c50f247ebfabb%22%7D&amp;xxc=taobaoSearch&quot;&gt;https://detail.tmall.com/item.htm?abbucket=10&amp;id=705219860637&amp;mi_id=0000N1yvJ8QIYm2Y-uSz0flpJeWHn8uelculDqOJBmmtHV8&amp;ns=1&amp;priceTId=215047c617651359169547014e0e87&amp;skuId=4960844112016&amp;utparam=%7B%22aplus_abtest%22:%225a64fdd19c59ec5a513c50f247ebfabb%22%7D&amp;xxc=taobaoSearch&lt;/a&gt;&quot;&gt;&lt;a href=&quot;https://detail.tmall.com/item.htm?abbucket=10&amp;id=705219860637&amp;mi_id=0000N1yvJ8QIYm2Y-uSz0flpJeWHn8uelculDqOJBmmtHV8&amp;ns=1&amp;priceTId=215047c617651359169547014e0e87&amp;skuId=4960844112016&amp;utparam=%7B%22aplus_abtest%22:%225a64fdd19c59ec5a513c50f247ebfabb%22%7D&amp;xxc=taobaoSearch&quot;&gt;https://detail.tmall.com/item.htm?abbucket=10&amp;id=705219860637&amp;mi_id=0000N1yvJ8QIYm2Y-uSz0flpJeWHn8uelculDqOJBmmtHV8&amp;ns=1&amp;priceTId=215047c617651359169547014e0e87&amp;skuId=4960844112016&amp;utparam=%7B%22aplus_abtest%22:%225a64fdd19c59ec5a513c50f247ebfabb%22%7D&amp;xxc=taobaoSearch&lt;/a&gt;"">&lt;a href=""https://<a href=""https://detail.tmall.com/item.htm?abbucket=10&id=705219860637&mi_id=0000N1yvJ8QIYm2Y-uSz0flpJeWHn8uelculDqOJBmmtHV8&ns=1&priceTId=215047c617651359169547014e0e87&skuId=4960844112016&utparam=%7B%22aplus_abtest%22:%225a64fdd19c59ec5a513c50f247ebfabb%22%7D&xxc=taobaoSearch"">https://detail.tmall.com/item.htm?abbucket=10&id=705219860637&mi_id=0000N1yvJ8QIYm2Y-uSz0flpJeWHn8uelculDqOJBmmtHV8&ns=1&priceTId=215047c617651359169547014e0e87&skuId=4960844112016&utparam=%7B%22aplus_abtest%22:%225a64fdd19c59ec5a513c50f247ebfabb%22%7D&xxc=taobaoSearch</a>""><a href=""https://detail.tmall.com/item.htm?abbucket=10&id=705219860637&mi_id=0000N1yvJ8QIYm2Y-uSz0flpJeWHn8uelculDqOJBmmtHV8&ns=1&priceTId=215047c617651359169547014e0e87&skuId=4960844112016&utparam=%7B%22aplus_abtest%22:%225a64fdd19c59ec5a513c50f247ebfabb%22%7D&xxc=taobaoSearch"">https://detail.tmall.com/item.htm?abbucket=10&id=705219860637&mi_id=0000N1yvJ8QIYm2Y-uSz0flpJeWHn8uelculDqOJBmmtHV8&ns=1&priceTId=215047c617651359169547014e0e87&skuId=4960844112016&utparam=%7B%22aplus_abtest%22:%225a64fdd19c59ec5a513c50f247ebfabb%22%7D&xxc=taobaoSearch</a></a>"
695c38652a4e1cd21b2ee6ab,Gold属增高支架镜桥GBRS Hydra九头蛇UNITY EXPS底座T1 T2 H1 2Red点,Active,0,"<a href=""https://&amp;lt;a href=&quot;https://&lt;a href=&quot;https://item.taobao.com/item.htm?from=cart&amp;id=853328243320&amp;mi_id=0000DYqd-9XBoSgJTlcVA9tuUrcP89JSTiVIRBTpInbF4MI&amp;skuId=5820993846238&amp;spm=a1z0d.6639537%2F202410.item.d853328243320.6c8b7484YUvCoG&amp;upStreamPrice=12800&quot;&gt;https://item.taobao.com/item.htm?from=cart&amp;id=853328243320&amp;mi_id=0000DYqd-9XBoSgJTlcVA9tuUrcP89JSTiVIRBTpInbF4MI&amp;skuId=5820993846238&amp;spm=a1z0d.6639537%2F202410.item.d853328243320.6c8b7484YUvCoG&amp;upStreamPrice=12800&lt;/a&gt;&quot;&gt;&lt;a href=&quot;https://item.taobao.com/item.htm?from=cart&amp;id=853328243320&amp;mi_id=0000DYqd-9XBoSgJTlcVA9tuUrcP89JSTiVIRBTpInbF4MI&amp;skuId=5820993846238&amp;spm=a1z0d.6639537%2F202410.item.d853328243320.6c8b7484YUvCoG&amp;upStreamPrice=12800&quot;&gt;https://item.taobao.com/item.htm?from=cart&amp;id=853328243320&amp;mi_id=0000DYqd-9XBoSgJTlcVA9tuUrcP89JSTiVIRBTpInbF4MI&amp;skuId=5820993846238&amp;spm=a1z0d.6639537%2F202410.item.d853328243320.6c8b7484YUvCoG&amp;upStreamPrice=12800&lt;/a&gt;"">&lt;a href=""https://<a href=""https://item.taobao.com/item.htm?from=cart&id=853328243320&mi_id=0000DYqd-9XBoSgJTlcVA9tuUrcP89JSTiVIRBTpInbF4MI&skuId=5820993846238&spm=a1z0d.6639537%2F202410.item.d853328243320.6c8b7484YUvCoG&upStreamPrice=12800"">https://item.taobao.com/item.htm?from=cart&id=853328243320&mi_id=0000DYqd-9XBoSgJTlcVA9tuUrcP89JSTiVIRBTpInbF4MI&skuId=5820993846238&spm=a1z0d.6639537%2F202410.item.d853328243320.6c8b7484YUvCoG&upStreamPrice=12800</a>""><a href=""https://item.taobao.com/item.htm?from=cart&id=853328243320&mi_id=0000DYqd-9XBoSgJTlcVA9tuUrcP89JSTiVIRBTpInbF4MI&skuId=5820993846238&spm=a1z0d.6639537%2F202410.item.d853328243320.6c8b7484YUvCoG&upStreamPrice=12800"">https://item.taobao.com/item.htm?from=cart&id=853328243320&mi_id=0000DYqd-9XBoSgJTlcVA9tuUrcP89JSTiVIRBTpInbF4MI&skuId=5820993846238&spm=a1z0d.6639537%2F202410.item.d853328243320.6c8b7484YUvCoG&upStreamPrice=12800</a></a>"
695c3865aae7b5b062fd300a,蝮蛇2011 hi capa快速拉柄模型G17 TTiG34蛋夹底盖握把井制退器,Active,0,"<a href=""https://&amp;lt;a href=&quot;https://&lt;a href=&quot;https://item.taobao.com/item.htm?_u=o20bch12k19b89&amp;id=846296600859&amp;spm=a1z09.2.0.0.60532e8ddrfDyH&quot;&gt;https://item.taobao.com/item.htm?_u=o20bch12k19b89&amp;id=846296600859&amp;spm=a1z09.2.0.0.60532e8ddrfDyH&lt;/a&gt;&quot;&gt;&lt;a href=&quot;https://item.taobao.com/item.htm?_u=o20bch12k19b89&amp;id=846296600859&amp;spm=a1z09.2.0.0.60532e8ddrfDyH&quot;&gt;https://item.taobao.com/item.htm?_u=o20bch12k19b89&amp;id=846296600859&amp;spm=a1z09.2.0.0.60532e8ddrfDyH&lt;/a&gt;"">&lt;a href=""https://<a href=""https://item.taobao.com/item.htm?_u=o20bch12k19b89&id=846296600859&spm=a1z09.2.0.0.60532e8ddrfDyH"">https://item.taobao.com/item.htm?_u=o20bch12k19b89&id=846296600859&spm=a1z09.2.0.0.60532e8ddrfDyH</a>""><a href=""https://item.taobao.com/item.htm?_u=o20bch12k19b89&id=846296600859&spm=a1z09.2.0.0.60532e8ddrfDyH"">https://item.taobao.com/item.htm?_u=o20bch12k19b89&id=846296600859&spm=a1z09.2.0.0.60532e8ddrfDyH</a></a>"
695c38662a4e1cd21b2f0368,九头蛇增高支架 UNITY战术GBRS全Gold属底座T1 T2 H1 H2 R5镜桥创研,Active,0,"<a href=""https://&amp;lt;a href=&quot;https://&lt;a href=&quot;https://item.taobao.com/item.htm?from=cart&amp;id=714880739091&amp;mi_id=0000hoTpbsgpY237-QJJrAACfjf8_zElBv0WGGMlqhXoPOw&amp;skuId=5054582116620&amp;spm=a1z0d.6639537%2F202410.item.d714880739091.5b4b74841fAyC5&amp;upStreamPrice=9800&quot;&gt;https://item.taobao.com/item.htm?from=cart&amp;id=714880739091&amp;mi_id=0000hoTpbsgpY237-QJJrAACfjf8_zElBv0WGGMlqhXoPOw&amp;skuId=5054582116620&amp;spm=a1z0d.6639537%2F202410.item.d714880739091.5b4b74841fAyC5&amp;upStreamPrice=9800&lt;/a&gt;&quot;&gt;&lt;a href=&quot;https://item.taobao.com/item.htm?from=cart&amp;id=714880739091&amp;mi_id=0000hoTpbsgpY237-QJJrAACfjf8_zElBv0WGGMlqhXoPOw&amp;skuId=5054582116620&amp;spm=a1z0d.6639537%2F202410.item.d714880739091.5b4b74841fAyC5&amp;upStreamPrice=9800&quot;&gt;https://item.taobao.com/item.htm?from=cart&amp;id=714880739091&amp;mi_id=0000hoTpbsgpY237-QJJrAACfjf8_zElBv0WGGMlqhXoPOw&amp;skuId=5054582116620&amp;spm=a1z0d.6639537%2F202410.item.d714880739091.5b4b74841fAyC5&amp;upStreamPrice=9800&lt;/a&gt;"">&lt;a href=""https://<a href=""https://item.taobao.com/item.htm?from=cart&id=714880739091&mi_id=0000hoTpbsgpY237-QJJrAACfjf8_zElBv0WGGMlqhXoPOw&skuId=5054582116620&spm=a1z0d.6639537%2F202410.item.d714880739091.5b4b74841fAyC5&upStreamPrice=9800"">https://item.taobao.com/item.htm?from=cart&id=714880739091&mi_id=0000hoTpbsgpY237-QJJrAACfjf8_zElBv0WGGMlqhXoPOw&skuId=5054582116620&spm=a1z0d.6639537%2F202410.item.d714880739091.5b4b74841fAyC5&upStreamPrice=9800</a>""><a href=""https://item.taobao.com/item.htm?from=cart&id=714880739091&mi_id=0000hoTpbsgpY237-QJJrAACfjf8_zElBv0WGGMlqhXoPOw&skuId=5054582116620&spm=a1z0d.6639537%2F202410.item.d714880739091.5b4b74841fAyC5&upStreamPrice=9800"">https://item.taobao.com/item.htm?from=cart&id=714880739091&mi_id=0000hoTpbsgpY237-QJJrAACfjf8_zElBv0WGGMlqhXoPOw&skuId=5054582116620&spm=a1z0d.6639537%2F202410.item.d714880739091.5b4b74841fAyC5&upStreamPrice=9800</a></a>"
695c3866f4bf2f7ec1595cb2,全套jpc3.0战术背心cs吃鸡游戏装备作训背心影视拍摄道具马甲,Active,0,"<a href=""https://&amp;lt;a href=&quot;https://&lt;a href=&quot;https://item.taobao.com/item.htm?from=cart&amp;id=892992511952&amp;mi_id=0000SB0W2U7U5Yes9cgEUg68Yjr5y-pdcBUlVgkzW8yRjGw&amp;skuId=5910615583110&amp;upStreamPrice=12800&quot;&gt;https://item.taobao.com/item.htm?from=cart&amp;id=892992511952&amp;mi_id=0000SB0W2U7U5Yes9cgEUg68Yjr5y-pdcBUlVgkzW8yRjGw&amp;skuId=5910615583110&amp;upStreamPrice=12800&lt;/a&gt;&quot;&gt;&lt;a href=&quot;https://item.taobao.com/item.htm?from=cart&amp;id=892992511952&amp;mi_id=0000SB0W2U7U5Yes9cgEUg68Yjr5y-pdcBUlVgkzW8yRjGw&amp;skuId=5910615583110&amp;upStreamPrice=12800&quot;&gt;https://item.taobao.com/item.htm?from=cart&amp;id=892992511952&amp;mi_id=0000SB0W2U7U5Yes9cgEUg68Yjr5y-pdcBUlVgkzW8yRjGw&amp;skuId=5910615583110&amp;upStreamPrice=12800&lt;/a&gt;"">&lt;a href=""https://<a href=""https://item.taobao.com/item.htm?from=cart&id=892992511952&mi_id=0000SB0W2U7U5Yes9cgEUg68Yjr5y-pdcBUlVgkzW8yRjGw&skuId=5910615583110&upStreamPrice=12800"">https://item.taobao.com/item.htm?from=cart&id=892992511952&mi_id=0000SB0W2U7U5Yes9cgEUg68Yjr5y-pdcBUlVgkzW8yRjGw&skuId=5910615583110&upStreamPrice=12800</a>""><a href=""https://item.taobao.com/item.htm?from=cart&id=892992511952&mi_id=0000SB0W2U7U5Yes9cgEUg68Yjr5y-pdcBUlVgkzW8yRjGw&skuId=5910615583110&upStreamPrice=12800"">https://item.taobao.com/item.htm?from=cart&id=892992511952&mi_id=0000SB0W2U7U5Yes9cgEUg68Yjr5y-pdcBUlVgkzW8yRjGw&skuId=5910615583110&upStreamPrice=12800</a></a>"
695c386637eef90c93e1315c,L4G24 夜视仪支架（铝合Gold版）,Active,0,"<a href=""https://&amp;lt;a href=&quot;https://&lt;a href=&quot;https://item.taobao.com/item.htm?id=969220337986&amp;last_time=1763006142&amp;mi_id=0000ZGBYesTQpeAQnYUD44pBJ7f2WiKrvcxuIvD1wj8_XzA&amp;scm=1007.13982.82927.0&amp;upStreamPrice=21500&quot;&gt;https://item.taobao.com/item.htm?id=969220337986&amp;last_time=1763006142&amp;mi_id=0000ZGBYesTQpeAQnYUD44pBJ7f2WiKrvcxuIvD1wj8_XzA&amp;scm=1007.13982.82927.0&amp;upStreamPrice=21500&lt;/a&gt;&quot;&gt;&lt;a href=&quot;https://item.taobao.com/item.htm?id=969220337986&amp;last_time=1763006142&amp;mi_id=0000ZGBYesTQpeAQnYUD44pBJ7f2WiKrvcxuIvD1wj8_XzA&amp;scm=1007.13982.82927.0&amp;upStreamPrice=21500&quot;&gt;https://item.taobao.com/item.htm?id=969220337986&amp;last_time=1763006142&amp;mi_id=0000ZGBYesTQpeAQnYUD44pBJ7f2WiKrvcxuIvD1wj8_XzA&amp;scm=1007.13982.82927.0&amp;upStreamPrice=21500&lt;/a&gt;"">&lt;a href=""https://<a href=""https://item.taobao.com/item.htm?id=969220337986&last_time=1763006142&mi_id=0000ZGBYesTQpeAQnYUD44pBJ7f2WiKrvcxuIvD1wj8_XzA&scm=1007.13982.82927.0&upStreamPrice=21500"">https://item.taobao.com/item.htm?id=969220337986&last_time=1763006142&mi_id=0000ZGBYesTQpeAQnYUD44pBJ7f2WiKrvcxuIvD1wj8_XzA&scm=1007.13982.82927.0&upStreamPrice=21500</a>""><a href=""https://item.taobao.com/item.htm?id=969220337986&last_time=1763006142&mi_id=0000ZGBYesTQpeAQnYUD44pBJ7f2WiKrvcxuIvD1wj8_XzA&scm=1007.13982.82927.0&upStreamPrice=21500"">https://item.taobao.com/item.htm?id=969220337986&last_time=1763006142&mi_id=0000ZGBYesTQpeAQnYUD44pBJ7f2WiKrvcxuIvD1wj8_XzA&scm=1007.13982.82927.0&upStreamPrice=21500</a></a>"
695c3867bd3270258c70c029,户外M67手雷烟雾模型挂件 可拉环可拆卸 COS装扮 仿真道具,Active,0,"<a href=""https://&amp;lt;a href=&quot;https://&lt;a href=&quot;https://item.taobao.com/item.htm?spm=a1z0d.6639537/202410.item.d728771048041.bb3974849IjuHR&amp;id=728771048041&amp;from=cart&amp;skuId=5223926462203&amp;mi_id=0000pOk7hL4MthxY3VaigRyS1CmmVzfZ4Ve-mexzzbf0Hn0&amp;upStreamPrice=2500&quot;&gt;https://item.taobao.com/item.htm?spm=a1z0d.6639537/202410.item.d728771048041.bb3974849IjuHR&amp;id=728771048041&amp;from=cart&amp;skuId=5223926462203&amp;mi_id=0000pOk7hL4MthxY3VaigRyS1CmmVzfZ4Ve-mexzzbf0Hn0&amp;upStreamPrice=2500&lt;/a&gt;&quot;&gt;&lt;a href=&quot;https://item.taobao.com/item.htm?spm=a1z0d.6639537/202410.item.d728771048041.bb3974849IjuHR&amp;id=728771048041&amp;from=cart&amp;skuId=5223926462203&amp;mi_id=0000pOk7hL4MthxY3VaigRyS1CmmVzfZ4Ve-mexzzbf0Hn0&amp;upStreamPrice=2500&quot;&gt;https://item.taobao.com/item.htm?spm=a1z0d.6639537/202410.item.d728771048041.bb3974849IjuHR&amp;id=728771048041&amp;from=cart&amp;skuId=5223926462203&amp;mi_id=0000pOk7hL4MthxY3VaigRyS1CmmVzfZ4Ve-mexzzbf0Hn0&amp;upStreamPrice=2500&lt;/a&gt;"">&lt;a href=""https://<a href=""https://item.taobao.com/item.htm?spm=a1z0d.6639537/202410.item.d728771048041.bb3974849IjuHR&id=728771048041&from=cart&skuId=5223926462203&mi_id=0000pOk7hL4MthxY3VaigRyS1CmmVzfZ4Ve-mexzzbf0Hn0&upStreamPrice=2500"">https://item.taobao.com/item.htm?spm=a1z0d.6639537/202410.item.d728771048041.bb3974849IjuHR&id=728771048041&from=cart&skuId=5223926462203&mi_id=0000pOk7hL4MthxY3VaigRyS1CmmVzfZ4Ve-mexzzbf0Hn0&upStreamPrice=2500</a>""><a href=""https://item.taobao.com/item.htm?spm=a1z0d.6639537/202410.item.d728771048041.bb3974849IjuHR&id=728771048041&from=cart&skuId=5223926462203&mi_id=0000pOk7hL4MthxY3VaigRyS1CmmVzfZ4Ve-mexzzbf0Hn0&upStreamPrice=2500"">https://item.taobao.com/item.htm?spm=a1z0d.6639537/202410.item.d728771048041.bb3974849IjuHR&id=728771048041&from=cart&skuId=5223926462203&mi_id=0000pOk7hL4MthxY3VaigRyS1CmmVzfZ4Ve-mexzzbf0Hn0&upStreamPrice=2500</a></a>"
695c3867e3d1a0c371b841da,儿童手雷玩具可爆炸水弹M67弹射烟雾手榴弹模型吃鸡男孩生日礼物,Active,0,"<a href=""https://&amp;lt;a href=&quot;https://&lt;a href=&quot;https://detail.tmall.com/item.htm?_u=o20bch12k17773&amp;id=823946437927&quot;&gt;https://detail.tmall.com/item.htm?_u=o20bch12k17773&amp;id=823946437927&lt;/a&gt;&quot;&gt;&lt;a href=&quot;https://detail.tmall.com/item.htm?_u=o20bch12k17773&amp;id=823946437927&quot;&gt;https://detail.tmall.com/item.htm?_u=o20bch12k17773&amp;id=823946437927&lt;/a&gt;"">&lt;a href=""https://<a href=""https://detail.tmall.com/item.htm?_u=o20bch12k17773&id=823946437927"">https://detail.tmall.com/item.htm?_u=o20bch12k17773&id=823946437927</a>""><a href=""https://detail.tmall.com/item.htm?_u=o20bch12k17773&id=823946437927"">https://detail.tmall.com/item.htm?_u=o20bch12k17773&id=823946437927</a></a>"
695c38681e9722c9bf2fa8c7,七彩喷火夜光消荧光玩具喷火战术夜光激发装置软弹感应器影视装备,Active,0,"<a href=""https://&amp;lt;a href=&quot;https://&lt;a href=&quot;https://item.taobao.com/item.htm?_u=o20bch12k121bd&amp;id=818533365136&amp;spm=a1z09.2.0.0.60532e8ddrfDyH&quot;&gt;https://item.taobao.com/item.htm?_u=o20bch12k121bd&amp;id=818533365136&amp;spm=a1z09.2.0.0.60532e8ddrfDyH&lt;/a&gt;&quot;&gt;&lt;a href=&quot;https://item.taobao.com/item.htm?_u=o20bch12k121bd&amp;id=818533365136&amp;spm=a1z09.2.0.0.60532e8ddrfDyH&quot;&gt;https://item.taobao.com/item.htm?_u=o20bch12k121bd&amp;id=818533365136&amp;spm=a1z09.2.0.0.60532e8ddrfDyH&lt;/a&gt;"">&lt;a href=""https://<a href=""https://item.taobao.com/item.htm?_u=o20bch12k121bd&id=818533365136&spm=a1z09.2.0.0.60532e8ddrfDyH"">https://item.taobao.com/item.htm?_u=o20bch12k121bd&id=818533365136&spm=a1z09.2.0.0.60532e8ddrfDyH</a>""><a href=""https://item.taobao.com/item.htm?_u=o20bch12k121bd&id=818533365136&spm=a1z09.2.0.0.60532e8ddrfDyH"">https://item.taobao.com/item.htm?_u=o20bch12k121bd&id=818533365136&spm=a1z09.2.0.0.60532e8ddrfDyH</a></a>"
695c3868f7c4633092b8c701,户外多功能腋下通用Nylon战术配件背带快拆肩带挂绳Single点式斜跨挂带,Active,0,"<a href=""https://&amp;lt;a href=&quot;https://&lt;a href=&quot;https://item.taobao.com/item.htm?_u=o20bch12k1157a&amp;id=643256207245&amp;spm=a1z09.2.0.0.60532e8ddrfDyH&quot;&gt;https://item.taobao.com/item.htm?_u=o20bch12k1157a&amp;id=643256207245&amp;spm=a1z09.2.0.0.60532e8ddrfDyH&lt;/a&gt;&quot;&gt;&lt;a href=&quot;https://item.taobao.com/item.htm?_u=o20bch12k1157a&amp;id=643256207245&amp;spm=a1z09.2.0.0.60532e8ddrfDyH&quot;&gt;https://item.taobao.com/item.htm?_u=o20bch12k1157a&amp;id=643256207245&amp;spm=a1z09.2.0.0.60532e8ddrfDyH&lt;/a&gt;"">&lt;a href=""https://<a href=""https://item.taobao.com/item.htm?_u=o20bch12k1157a&id=643256207245&spm=a1z09.2.0.0.60532e8ddrfDyH"">https://item.taobao.com/item.htm?_u=o20bch12k1157a&id=643256207245&spm=a1z09.2.0.0.60532e8ddrfDyH</a>""><a href=""https://item.taobao.com/item.htm?_u=o20bch12k1157a&id=643256207245&spm=a1z09.2.0.0.60532e8ddrfDyH"">https://item.taobao.com/item.htm?_u=o20bch12k1157a&id=643256207245&spm=a1z09.2.0.0.60532e8ddrfDyH</a></a>"
695c38681e9722c9bf2fc426,战术头盔夜视仪翻斗车支架加装运动相机连接支架头盔配件,Active,0,"<a href=""https://&amp;lt;a href=&quot;https://&lt;a href=&quot;https://item.taobao.com/item.htm?from=cart&amp;id=898356105062&amp;mi_id=0000pezqgr1m5PmIjLH91XMFVxMGXEtJFD9SBkxvHC5hHz8&amp;skuId=5919927911176&amp;spm=a1z0d.6639537%2F202410.item.d898356105062.bb3974849IjuHR&amp;upStreamPrice=2300&quot;&gt;https://item.taobao.com/item.htm?from=cart&amp;id=898356105062&amp;mi_id=0000pezqgr1m5PmIjLH91XMFVxMGXEtJFD9SBkxvHC5hHz8&amp;skuId=5919927911176&amp;spm=a1z0d.6639537%2F202410.item.d898356105062.bb3974849IjuHR&amp;upStreamPrice=2300&lt;/a&gt;&quot;&gt;&lt;a href=&quot;https://item.taobao.com/item.htm?from=cart&amp;id=898356105062&amp;mi_id=0000pezqgr1m5PmIjLH91XMFVxMGXEtJFD9SBkxvHC5hHz8&amp;skuId=5919927911176&amp;spm=a1z0d.6639537%2F202410.item.d898356105062.bb3974849IjuHR&amp;upStreamPrice=2300&quot;&gt;https://item.taobao.com/item.htm?from=cart&amp;id=898356105062&amp;mi_id=0000pezqgr1m5PmIjLH91XMFVxMGXEtJFD9SBkxvHC5hHz8&amp;skuId=5919927911176&amp;spm=a1z0d.6639537%2F202410.item.d898356105062.bb3974849IjuHR&amp;upStreamPrice=2300&lt;/a&gt;"">&lt;a href=""https://<a href=""https://item.taobao.com/item.htm?from=cart&id=898356105062&mi_id=0000pezqgr1m5PmIjLH91XMFVxMGXEtJFD9SBkxvHC5hHz8&skuId=5919927911176&spm=a1z0d.6639537%2F202410.item.d898356105062.bb3974849IjuHR&upStreamPrice=2300"">https://item.taobao.com/item.htm?from=cart&id=898356105062&mi_id=0000pezqgr1m5PmIjLH91XMFVxMGXEtJFD9SBkxvHC5hHz8&skuId=5919927911176&spm=a1z0d.6639537%2F202410.item.d898356105062.bb3974849IjuHR&upStreamPrice=2300</a>""><a href=""https://item.taobao.com/item.htm?from=cart&id=898356105062&mi_id=0000pezqgr1m5PmIjLH91XMFVxMGXEtJFD9SBkxvHC5hHz8&skuId=5919927911176&spm=a1z0d.6639537%2F202410.item.d898356105062.bb3974849IjuHR&upStreamPrice=2300"">https://item.taobao.com/item.htm?from=cart&id=898356105062&mi_id=0000pezqgr1m5PmIjLH91XMFVxMGXEtJFD9SBkxvHC5hHz8&skuId=5919927911176&spm=a1z0d.6639537%2F202410.item.d898356105062.bb3974849IjuHR&upStreamPrice=2300</a></a>"
695c3869f7c4633092b8ce4c,WST风镜防雾器电动除雾TYPE-C充电风速可调搭配头盔使用战术配件,Active,0,"<a href=""https://&amp;lt;a href=&quot;https://&lt;a href=&quot;https://item.taobao.com/item.htm?id=855477818032&amp;mi_id=0000x0WNEqQ_265ogowy3YTtSmwWN6Kh587odYbbcAzXv6k&amp;pvid=509f90ac-ddaa-4b45-98c7-9173eebe4188&amp;scm=1007.62513.464295.0&amp;skuId=5901632650844&amp;spm=a1z0d.6639537%2F202410.201876.d5.6c8b7484YUvCoG&amp;utparam=%7B%22x_object_type%22%3A%22item%22%2C%22matchType%22%3A%22dm_interest%22%2C%22item_price%22%3A%2258%22%2C%22umpCalled%22%3Atrue%2C%22pc_scene%22%3A%2220001%22%2C%22userId%22%3A2211254930049%2C%22ab_info%22%3A%2252513%23464295%23-1%23%22%2C%22tpp_buckets%22%3A%2252513%23464295%23module%22%2C%22aplus_abtest%22%3A%22c95fd935250b814ea01fa2f7b7e734b2%22%2C%22isLogin%22%3Atrue%2C%22abid%22%3A1%2C%22pc_pvid%22%3A%22509f90ac-ddaa-4b45-98c7-9173eebe4188%22%2C%22isWeekLogin%22%3Afalse%2C%22rn%22%3A4%2C%22ump_price%22%3A%2258%22%2C%22isXClose%22%3Afalse%2C%22x_object_id%22%3A855477818032%7D&amp;xxc=home_recommend&quot;&gt;https://item.taobao.com/item.htm?id=855477818032&amp;mi_id=0000x0WNEqQ_265ogowy3YTtSmwWN6Kh587odYbbcAzXv6k&amp;pvid=509f90ac-ddaa-4b45-98c7-9173eebe4188&amp;scm=1007.62513.464295.0&amp;skuId=5901632650844&amp;spm=a1z0d.6639537%2F202410.201876.d5.6c8b7484YUvCoG&amp;utparam=%7B%22x_object_type%22%3A%22item%22%2C%22matchType%22%3A%22dm_interest%22%2C%22item_price%22%3A%2258%22%2C%22umpCalled%22%3Atrue%2C%22pc_scene%22%3A%2220001%22%2C%22userId%22%3A2211254930049%2C%22ab_info%22%3A%2252513%23464295%23-1%23%22%2C%22tpp_buckets%22%3A%2252513%23464295%23module%22%2C%22aplus_abtest%22%3A%22c95fd935250b814ea01fa2f7b7e734b2%22%2C%22isLogin%22%3Atrue%2C%22abid%22%3A1%2C%22pc_pvid%22%3A%22509f90ac-ddaa-4b45-98c7-9173eebe4188%22%2C%22isWeekLogin%22%3Afalse%2C%22rn%22%3A4%2C%22ump_price%22%3A%2258%22%2C%22isXClose%22%3Afalse%2C%22x_object_id%22%3A855477818032%7D&amp;xxc=home_recommend&lt;/a&gt;&quot;&gt;&lt;a href=&quot;https://item.taobao.com/item.htm?id=855477818032&amp;mi_id=0000x0WNEqQ_265ogowy3YTtSmwWN6Kh587odYbbcAzXv6k&amp;pvid=509f90ac-ddaa-4b45-98c7-9173eebe4188&amp;scm=1007.62513.464295.0&amp;skuId=5901632650844&amp;spm=a1z0d.6639537%2F202410.201876.d5.6c8b7484YUvCoG&amp;utparam=%7B%22x_object_type%22%3A%22item%22%2C%22matchType%22%3A%22dm_interest%22%2C%22item_price%22%3A%2258%22%2C%22umpCalled%22%3Atrue%2C%22pc_scene%22%3A%2220001%22%2C%22userId%22%3A2211254930049%2C%22ab_info%22%3A%2252513%23464295%23-1%23%22%2C%22tpp_buckets%22%3A%2252513%23464295%23module%22%2C%22aplus_abtest%22%3A%22c95fd935250b814ea01fa2f7b7e734b2%22%2C%22isLogin%22%3Atrue%2C%22abid%22%3A1%2C%22pc_pvid%22%3A%22509f90ac-ddaa-4b45-98c7-9173eebe4188%22%2C%22isWeekLogin%22%3Afalse%2C%22rn%22%3A4%2C%22ump_price%22%3A%2258%22%2C%22isXClose%22%3Afalse%2C%22x_object_id%22%3A855477818032%7D&amp;xxc=home_recommend&quot;&gt;https://item.taobao.com/item.htm?id=855477818032&amp;mi_id=0000x0WNEqQ_265ogowy3YTtSmwWN6Kh587odYbbcAzXv6k&amp;pvid=509f90ac-ddaa-4b45-98c7-9173eebe4188&amp;scm=1007.62513.464295.0&amp;skuId=5901632650844&amp;spm=a1z0d.6639537%2F202410.201876.d5.6c8b7484YUvCoG&amp;utparam=%7B%22x_object_type%22%3A%22item%22%2C%22matchType%22%3A%22dm_interest%22%2C%22item_price%22%3A%2258%22%2C%22umpCalled%22%3Atrue%2C%22pc_scene%22%3A%2220001%22%2C%22userId%22%3A2211254930049%2C%22ab_info%22%3A%2252513%23464295%23-1%23%22%2C%22tpp_buckets%22%3A%2252513%23464295%23module%22%2C%22aplus_abtest%22%3A%22c95fd935250b814ea01fa2f7b7e734b2%22%2C%22isLogin%22%3Atrue%2C%22abid%22%3A1%2C%22pc_pvid%22%3A%22509f90ac-ddaa-4b45-98c7-9173eebe4188%22%2C%22isWeekLogin%22%3Afalse%2C%22rn%22%3A4%2C%22ump_price%22%3A%2258%22%2C%22isXClose%22%3Afalse%2C%22x_object_id%22%3A855477818032%7D&amp;xxc=home_recommend&lt;/a&gt;"">&lt;a href=""https://<a href=""https://item.taobao.com/item.htm?id=855477818032&mi_id=0000x0WNEqQ_265ogowy3YTtSmwWN6Kh587odYbbcAzXv6k&pvid=509f90ac-ddaa-4b45-98c7-9173eebe4188&scm=1007.62513.464295.0&skuId=5901632650844&spm=a1z0d.6639537%2F202410.201876.d5.6c8b7484YUvCoG&utparam=%7B%22x_object_type%22%3A%22item%22%2C%22matchType%22%3A%22dm_interest%22%2C%22item_price%22%3A%2258%22%2C%22umpCalled%22%3Atrue%2C%22pc_scene%22%3A%2220001%22%2C%22userId%22%3A2211254930049%2C%22ab_info%22%3A%2252513%23464295%23-1%23%22%2C%22tpp_buckets%22%3A%2252513%23464295%23module%22%2C%22aplus_abtest%22%3A%22c95fd935250b814ea01fa2f7b7e734b2%22%2C%22isLogin%22%3Atrue%2C%22abid%22%3A1%2C%22pc_pvid%22%3A%22509f90ac-ddaa-4b45-98c7-9173eebe4188%22%2C%22isWeekLogin%22%3Afalse%2C%22rn%22%3A4%2C%22ump_price%22%3A%2258%22%2C%22isXClose%22%3Afalse%2C%22x_object_id%22%3A855477818032%7D&xxc=home_recommend"">https://item.taobao.com/item.htm?id=855477818032&mi_id=0000x0WNEqQ_265ogowy3YTtSmwWN6Kh587odYbbcAzXv6k&pvid=509f90ac-ddaa-4b45-98c7-9173eebe4188&scm=1007.62513.464295.0&skuId=5901632650844&spm=a1z0d.6639537%2F202410.201876.d5.6c8b7484YUvCoG&utparam=%7B%22x_object_type%22%3A%22item%22%2C%22matchType%22%3A%22dm_interest%22%2C%22item_price%22%3A%2258%22%2C%22umpCalled%22%3Atrue%2C%22pc_scene%22%3A%2220001%22%2C%22userId%22%3A2211254930049%2C%22ab_info%22%3A%2252513%23464295%23-1%23%22%2C%22tpp_buckets%22%3A%2252513%23464295%23module%22%2C%22aplus_abtest%22%3A%22c95fd935250b814ea01fa2f7b7e734b2%22%2C%22isLogin%22%3Atrue%2C%22abid%22%3A1%2C%22pc_pvid%22%3A%22509f90ac-ddaa-4b45-98c7-9173eebe4188%22%2C%22isWeekLogin%22%3Afalse%2C%22rn%22%3A4%2C%22ump_price%22%3A%2258%22%2C%22isXClose%22%3Afalse%2C%22x_object_id%22%3A855477818032%7D&xxc=home_recommend</a>""><a href=""https://item.taobao.com/item.htm?id=855477818032&mi_id=0000x0WNEqQ_265ogowy3YTtSmwWN6Kh587odYbbcAzXv6k&pvid=509f90ac-ddaa-4b45-98c7-9173eebe4188&scm=1007.62513.464295.0&skuId=5901632650844&spm=a1z0d.6639537%2F202410.201876.d5.6c8b7484YUvCoG&utparam=%7B%22x_object_type%22%3A%22item%22%2C%22matchType%22%3A%22dm_interest%22%2C%22item_price%22%3A%2258%22%2C%22umpCalled%22%3Atrue%2C%22pc_scene%22%3A%2220001%22%2C%22userId%22%3A2211254930049%2C%22ab_info%22%3A%2252513%23464295%23-1%23%22%2C%22tpp_buckets%22%3A%2252513%23464295%23module%22%2C%22aplus_abtest%22%3A%22c95fd935250b814ea01fa2f7b7e734b2%22%2C%22isLogin%22%3Atrue%2C%22abid%22%3A1%2C%22pc_pvid%22%3A%22509f90ac-ddaa-4b45-98c7-9173eebe4188%22%2C%22isWeekLogin%22%3Afalse%2C%22rn%22%3A4%2C%22ump_price%22%3A%2258%22%2C%22isXClose%22%3Afalse%2C%22x_object_id%22%3A855477818032%7D&xxc=home_recommend"">https://item.taobao.com/item.htm?id=855477818032&mi_id=0000x0WNEqQ_265ogowy3YTtSmwWN6Kh587odYbbcAzXv6k&pvid=509f90ac-ddaa-4b45-98c7-9173eebe4188&scm=1007.62513.464295.0&skuId=5901632650844&spm=a1z0d.6639537%2F202410.201876.d5.6c8b7484YUvCoG&utparam=%7B%22x_object_type%22%3A%22item%22%2C%22matchType%22%3A%22dm_interest%22%2C%22item_price%22%3A%2258%22%2C%22umpCalled%22%3Atrue%2C%22pc_scene%22%3A%2220001%22%2C%22userId%22%3A2211254930049%2C%22ab_info%22%3A%2252513%23464295%23-1%23%22%2C%22tpp_buckets%22%3A%2252513%23464295%23module%22%2C%22aplus_abtest%22%3A%22c95fd935250b814ea01fa2f7b7e734b2%22%2C%22isLogin%22%3Atrue%2C%22abid%22%3A1%2C%22pc_pvid%22%3A%22509f90ac-ddaa-4b45-98c7-9173eebe4188%22%2C%22isWeekLogin%22%3Afalse%2C%22rn%22%3A4%2C%22ump_price%22%3A%2258%22%2C%22isXClose%22%3Afalse%2C%22x_object_id%22%3A855477818032%7D&xxc=home_recommend</a></a>"
695c3869bde2c63e6ce3968a,户外浪人战术腰带Set多功能组合巡逻腰封可拆卸调节腰带,Active,0,"<a href=""https://&amp;lt;a href=&quot;https://&lt;a href=&quot;https://item.taobao.com/item.htm?from=cart&amp;id=725254573496&amp;mi_id=00008_G9zU23OO5RO7biwKlybJoUGMav0M5RZxxqG0CZHTI&amp;skuId=5718228164171&amp;spm=a1z0d.6639537%2F202410.item.d725254573496.bb3974849IjuHR&amp;upStreamPrice=16300&quot;&gt;https://item.taobao.com/item.htm?from=cart&amp;id=725254573496&amp;mi_id=00008_G9zU23OO5RO7biwKlybJoUGMav0M5RZxxqG0CZHTI&amp;skuId=5718228164171&amp;spm=a1z0d.6639537%2F202410.item.d725254573496.bb3974849IjuHR&amp;upStreamPrice=16300&lt;/a&gt;&quot;&gt;&lt;a href=&quot;https://item.taobao.com/item.htm?from=cart&amp;id=725254573496&amp;mi_id=00008_G9zU23OO5RO7biwKlybJoUGMav0M5RZxxqG0CZHTI&amp;skuId=5718228164171&amp;spm=a1z0d.6639537%2F202410.item.d725254573496.bb3974849IjuHR&amp;upStreamPrice=16300&quot;&gt;https://item.taobao.com/item.htm?from=cart&amp;id=725254573496&amp;mi_id=00008_G9zU23OO5RO7biwKlybJoUGMav0M5RZxxqG0CZHTI&amp;skuId=5718228164171&amp;spm=a1z0d.6639537%2F202410.item.d725254573496.bb3974849IjuHR&amp;upStreamPrice=16300&lt;/a&gt;"">&lt;a href=""https://<a href=""https://item.taobao.com/item.htm?from=cart&id=725254573496&mi_id=00008_G9zU23OO5RO7biwKlybJoUGMav0M5RZxxqG0CZHTI&skuId=5718228164171&spm=a1z0d.6639537%2F202410.item.d725254573496.bb3974849IjuHR&upStreamPrice=16300"">https://item.taobao.com/item.htm?from=cart&id=725254573496&mi_id=00008_G9zU23OO5RO7biwKlybJoUGMav0M5RZxxqG0CZHTI&skuId=5718228164171&spm=a1z0d.6639537%2F202410.item.d725254573496.bb3974849IjuHR&upStreamPrice=16300</a>""><a href=""https://item.taobao.com/item.htm?from=cart&id=725254573496&mi_id=00008_G9zU23OO5RO7biwKlybJoUGMav0M5RZxxqG0CZHTI&skuId=5718228164171&spm=a1z0d.6639537%2F202410.item.d725254573496.bb3974849IjuHR&upStreamPrice=16300"">https://item.taobao.com/item.htm?from=cart&id=725254573496&mi_id=00008_G9zU23OO5RO7biwKlybJoUGMav0M5RZxxqG0CZHTI&skuId=5718228164171&spm=a1z0d.6639537%2F202410.item.d725254573496.bb3974849IjuHR&upStreamPrice=16300</a></a>"
695c386a9b81574973a16f68,蝎式软壳快拔旦夹套5.56/7.62\9mm旦匣包 军迷射击MOLLE包,Active,0,"<a href=""https://&amp;lt;a href=&quot;https://&lt;a href=&quot;https://item.taobao.com/item.htm?_u=o20bch12k13bf4&amp;id=646929225114&amp;spm=a1z09.2.0.0.60532e8ddrfDyH&quot;&gt;https://item.taobao.com/item.htm?_u=o20bch12k13bf4&amp;id=646929225114&amp;spm=a1z09.2.0.0.60532e8ddrfDyH&lt;/a&gt;&quot;&gt;&lt;a href=&quot;https://item.taobao.com/item.htm?_u=o20bch12k13bf4&amp;id=646929225114&amp;spm=a1z09.2.0.0.60532e8ddrfDyH&quot;&gt;https://item.taobao.com/item.htm?_u=o20bch12k13bf4&amp;id=646929225114&amp;spm=a1z09.2.0.0.60532e8ddrfDyH&lt;/a&gt;"">&lt;a href=""https://<a href=""https://item.taobao.com/item.htm?_u=o20bch12k13bf4&id=646929225114&spm=a1z09.2.0.0.60532e8ddrfDyH"">https://item.taobao.com/item.htm?_u=o20bch12k13bf4&id=646929225114&spm=a1z09.2.0.0.60532e8ddrfDyH</a>""><a href=""https://item.taobao.com/item.htm?_u=o20bch12k13bf4&id=646929225114&spm=a1z09.2.0.0.60532e8ddrfDyH"">https://item.taobao.com/item.htm?_u=o20bch12k13bf4&id=646929225114&spm=a1z09.2.0.0.60532e8ddrfDyH</a></a>"
695c386ac71160ba19833b5f,"""FPS""运动相机战术连接臂",Active,0,"<a href=""https://&amp;lt;a href=&quot;https://&lt;a href=&quot;https://item.taobao.com/item.htm?id=899190435089&amp;mi_id=0000CAX6-BX7lO5klGg-XSpNcl_c6_xsYFCK45ZkV-_twa4&amp;pvid=509f90ac-ddaa-4b45-98c7-9173eebe4188&amp;scm=1007.62513.464295.0&amp;skuId=5756235789548&amp;spm=a1z0d.6639537%2F202410.201876.d1.6c8b7484YUvCoG&amp;utparam=%7B%22x_object_type%22%3A%22item%22%2C%22matchType%22%3A%22nann_base%22%2C%22item_price%22%3A%22158%22%2C%22umpCalled%22%3Atrue%2C%22pc_scene%22%3A%2220001%22%2C%22userId%22%3A2211254930049%2C%22ab_info%22%3A%2252513%23464295%23-1%23%22%2C%22tpp_buckets%22%3A%2252513%23464295%23module%22%2C%22aplus_abtest%22%3A%2222ec64065a667b0bd1a1214b6f6d4c62%22%2C%22isLogin%22%3Atrue%2C%22abid%22%3A1%2C%22pc_pvid%22%3A%22509f90ac-ddaa-4b45-98c7-9173eebe4188%22%2C%22isWeekLogin%22%3Afalse%2C%22rn%22%3A0%2C%22ump_price%22%3A%22158%22%2C%22isXClose%22%3Afalse%2C%22x_object_id%22%3A899190435089%7D&amp;xxc=home_recommend&quot;&gt;https://item.taobao.com/item.htm?id=899190435089&amp;mi_id=0000CAX6-BX7lO5klGg-XSpNcl_c6_xsYFCK45ZkV-_twa4&amp;pvid=509f90ac-ddaa-4b45-98c7-9173eebe4188&amp;scm=1007.62513.464295.0&amp;skuId=5756235789548&amp;spm=a1z0d.6639537%2F202410.201876.d1.6c8b7484YUvCoG&amp;utparam=%7B%22x_object_type%22%3A%22item%22%2C%22matchType%22%3A%22nann_base%22%2C%22item_price%22%3A%22158%22%2C%22umpCalled%22%3Atrue%2C%22pc_scene%22%3A%2220001%22%2C%22userId%22%3A2211254930049%2C%22ab_info%22%3A%2252513%23464295%23-1%23%22%2C%22tpp_buckets%22%3A%2252513%23464295%23module%22%2C%22aplus_abtest%22%3A%2222ec64065a667b0bd1a1214b6f6d4c62%22%2C%22isLogin%22%3Atrue%2C%22abid%22%3A1%2C%22pc_pvid%22%3A%22509f90ac-ddaa-4b45-98c7-9173eebe4188%22%2C%22isWeekLogin%22%3Afalse%2C%22rn%22%3A0%2C%22ump_price%22%3A%22158%22%2C%22isXClose%22%3Afalse%2C%22x_object_id%22%3A899190435089%7D&amp;xxc=home_recommend&lt;/a&gt;&quot;&gt;&lt;a href=&quot;https://item.taobao.com/item.htm?id=899190435089&amp;mi_id=0000CAX6-BX7lO5klGg-XSpNcl_c6_xsYFCK45ZkV-_twa4&amp;pvid=509f90ac-ddaa-4b45-98c7-9173eebe4188&amp;scm=1007.62513.464295.0&amp;skuId=5756235789548&amp;spm=a1z0d.6639537%2F202410.201876.d1.6c8b7484YUvCoG&amp;utparam=%7B%22x_object_type%22%3A%22item%22%2C%22matchType%22%3A%22nann_base%22%2C%22item_price%22%3A%22158%22%2C%22umpCalled%22%3Atrue%2C%22pc_scene%22%3A%2220001%22%2C%22userId%22%3A2211254930049%2C%22ab_info%22%3A%2252513%23464295%23-1%23%22%2C%22tpp_buckets%22%3A%2252513%23464295%23module%22%2C%22aplus_abtest%22%3A%2222ec64065a667b0bd1a1214b6f6d4c62%22%2C%22isLogin%22%3Atrue%2C%22abid%22%3A1%2C%22pc_pvid%22%3A%22509f90ac-ddaa-4b45-98c7-9173eebe4188%22%2C%22isWeekLogin%22%3Afalse%2C%22rn%22%3A0%2C%22ump_price%22%3A%22158%22%2C%22isXClose%22%3Afalse%2C%22x_object_id%22%3A899190435089%7D&amp;xxc=home_recommend&quot;&gt;https://item.taobao.com/item.htm?id=899190435089&amp;mi_id=0000CAX6-BX7lO5klGg-XSpNcl_c6_xsYFCK45ZkV-_twa4&amp;pvid=509f90ac-ddaa-4b45-98c7-9173eebe4188&amp;scm=1007.62513.464295.0&amp;skuId=5756235789548&amp;spm=a1z0d.6639537%2F202410.201876.d1.6c8b7484YUvCoG&amp;utparam=%7B%22x_object_type%22%3A%22item%22%2C%22matchType%22%3A%22nann_base%22%2C%22item_price%22%3A%22158%22%2C%22umpCalled%22%3Atrue%2C%22pc_scene%22%3A%2220001%22%2C%22userId%22%3A2211254930049%2C%22ab_info%22%3A%2252513%23464295%23-1%23%22%2C%22tpp_buckets%22%3A%2252513%23464295%23module%22%2C%22aplus_abtest%22%3A%2222ec64065a667b0bd1a1214b6f6d4c62%22%2C%22isLogin%22%3Atrue%2C%22abid%22%3A1%2C%22pc_pvid%22%3A%22509f90ac-ddaa-4b45-98c7-9173eebe4188%22%2C%22isWeekLogin%22%3Afalse%2C%22rn%22%3A0%2C%22ump_price%22%3A%22158%22%2C%22isXClose%22%3Afalse%2C%22x_object_id%22%3A899190435089%7D&amp;xxc=home_recommend&lt;/a&gt;"">&lt;a href=""https://<a href=""https://item.taobao.com/item.htm?id=899190435089&mi_id=0000CAX6-BX7lO5klGg-XSpNcl_c6_xsYFCK45ZkV-_twa4&pvid=509f90ac-ddaa-4b45-98c7-9173eebe4188&scm=1007.62513.464295.0&skuId=5756235789548&spm=a1z0d.6639537%2F202410.201876.d1.6c8b7484YUvCoG&utparam=%7B%22x_object_type%22%3A%22item%22%2C%22matchType%22%3A%22nann_base%22%2C%22item_price%22%3A%22158%22%2C%22umpCalled%22%3Atrue%2C%22pc_scene%22%3A%2220001%22%2C%22userId%22%3A2211254930049%2C%22ab_info%22%3A%2252513%23464295%23-1%23%22%2C%22tpp_buckets%22%3A%2252513%23464295%23module%22%2C%22aplus_abtest%22%3A%2222ec64065a667b0bd1a1214b6f6d4c62%22%2C%22isLogin%22%3Atrue%2C%22abid%22%3A1%2C%22pc_pvid%22%3A%22509f90ac-ddaa-4b45-98c7-9173eebe4188%22%2C%22isWeekLogin%22%3Afalse%2C%22rn%22%3A0%2C%22ump_price%22%3A%22158%22%2C%22isXClose%22%3Afalse%2C%22x_object_id%22%3A899190435089%7D&xxc=home_recommend"">https://item.taobao.com/item.htm?id=899190435089&mi_id=0000CAX6-BX7lO5klGg-XSpNcl_c6_xsYFCK45ZkV-_twa4&pvid=509f90ac-ddaa-4b45-98c7-9173eebe4188&scm=1007.62513.464295.0&skuId=5756235789548&spm=a1z0d.6639537%2F202410.201876.d1.6c8b7484YUvCoG&utparam=%7B%22x_object_type%22%3A%22item%22%2C%22matchType%22%3A%22nann_base%22%2C%22item_price%22%3A%22158%22%2C%22umpCalled%22%3Atrue%2C%22pc_scene%22%3A%2220001%22%2C%22userId%22%3A2211254930049%2C%22ab_info%22%3A%2252513%23464295%23-1%23%22%2C%22tpp_buckets%22%3A%2252513%23464295%23module%22%2C%22aplus_abtest%22%3A%2222ec64065a667b0bd1a1214b6f6d4c62%22%2C%22isLogin%22%3Atrue%2C%22abid%22%3A1%2C%22pc_pvid%22%3A%22509f90ac-ddaa-4b45-98c7-9173eebe4188%22%2C%22isWeekLogin%22%3Afalse%2C%22rn%22%3A0%2C%22ump_price%22%3A%22158%22%2C%22isXClose%22%3Afalse%2C%22x_object_id%22%3A899190435089%7D&xxc=home_recommend</a>""><a href=""https://item.taobao.com/item.htm?id=899190435089&mi_id=0000CAX6-BX7lO5klGg-XSpNcl_c6_xsYFCK45ZkV-_twa4&pvid=509f90ac-ddaa-4b45-98c7-9173eebe4188&scm=1007.62513.464295.0&skuId=5756235789548&spm=a1z0d.6639537%2F202410.201876.d1.6c8b7484YUvCoG&utparam=%7B%22x_object_type%22%3A%22item%22%2C%22matchType%22%3A%22nann_base%22%2C%22item_price%22%3A%22158%22%2C%22umpCalled%22%3Atrue%2C%22pc_scene%22%3A%2220001%22%2C%22userId%22%3A2211254930049%2C%22ab_info%22%3A%2252513%23464295%23-1%23%22%2C%22tpp_buckets%22%3A%2252513%23464295%23module%22%2C%22aplus_abtest%22%3A%2222ec64065a667b0bd1a1214b6f6d4c62%22%2C%22isLogin%22%3Atrue%2C%22abid%22%3A1%2C%22pc_pvid%22%3A%22509f90ac-ddaa-4b45-98c7-9173eebe4188%22%2C%22isWeekLogin%22%3Afalse%2C%22rn%22%3A0%2C%22ump_price%22%3A%22158%22%2C%22isXClose%22%3Afalse%2C%22x_object_id%22%3A899190435089%7D&xxc=home_recommend"">https://item.taobao.com/item.htm?id=899190435089&mi_id=0000CAX6-BX7lO5klGg-XSpNcl_c6_xsYFCK45ZkV-_twa4&pvid=509f90ac-ddaa-4b45-98c7-9173eebe4188&scm=1007.62513.464295.0&skuId=5756235789548&spm=a1z0d.6639537%2F202410.201876.d1.6c8b7484YUvCoG&utparam=%7B%22x_object_type%22%3A%22item%22%2C%22matchType%22%3A%22nann_base%22%2C%22item_price%22%3A%22158%22%2C%22umpCalled%22%3Atrue%2C%22pc_scene%22%3A%2220001%22%2C%22userId%22%3A2211254930049%2C%22ab_info%22%3A%2252513%23464295%23-1%23%22%2C%22tpp_buckets%22%3A%2252513%23464295%23module%22%2C%22aplus_abtest%22%3A%2222ec64065a667b0bd1a1214b6f6d4c62%22%2C%22isLogin%22%3Atrue%2C%22abid%22%3A1%2C%22pc_pvid%22%3A%22509f90ac-ddaa-4b45-98c7-9173eebe4188%22%2C%22isWeekLogin%22%3Afalse%2C%22rn%22%3A0%2C%22ump_price%22%3A%22158%22%2C%22isXClose%22%3Afalse%2C%22x_object_id%22%3A899190435089%7D&xxc=home_recommend</a></a>"
695c386a3f54f8d4dc6d4ed6,TC战术耳机转接器民用PTT按键发射对讲机建伍接口支持Z-Tactical,Active,0,"<a href=""https://&amp;lt;a href=&quot;https://&lt;a href=&quot;https://item.taobao.com/item.htm?from=cart&amp;id=654310678238&amp;mi_id=00004nese5LBflJgCkv9DZ1tUt3AsMV1Gq-Nvco1K0j5vE4&amp;skuId=4721897821415&amp;spm=a1z0d.6639537%2F202410.item.d654310678238.bb3974849IjuHR&amp;upStreamPrice=4990&quot;&gt;https://item.taobao.com/item.htm?from=cart&amp;id=654310678238&amp;mi_id=00004nese5LBflJgCkv9DZ1tUt3AsMV1Gq-Nvco1K0j5vE4&amp;skuId=4721897821415&amp;spm=a1z0d.6639537%2F202410.item.d654310678238.bb3974849IjuHR&amp;upStreamPrice=4990&lt;/a&gt;&quot;&gt;&lt;a href=&quot;https://item.taobao.com/item.htm?from=cart&amp;id=654310678238&amp;mi_id=00004nese5LBflJgCkv9DZ1tUt3AsMV1Gq-Nvco1K0j5vE4&amp;skuId=4721897821415&amp;spm=a1z0d.6639537%2F202410.item.d654310678238.bb3974849IjuHR&amp;upStreamPrice=4990&quot;&gt;https://item.taobao.com/item.htm?from=cart&amp;id=654310678238&amp;mi_id=00004nese5LBflJgCkv9DZ1tUt3AsMV1Gq-Nvco1K0j5vE4&amp;skuId=4721897821415&amp;spm=a1z0d.6639537%2F202410.item.d654310678238.bb3974849IjuHR&amp;upStreamPrice=4990&lt;/a&gt;"">&lt;a href=""https://<a href=""https://item.taobao.com/item.htm?from=cart&id=654310678238&mi_id=00004nese5LBflJgCkv9DZ1tUt3AsMV1Gq-Nvco1K0j5vE4&skuId=4721897821415&spm=a1z0d.6639537%2F202410.item.d654310678238.bb3974849IjuHR&upStreamPrice=4990"">https://item.taobao.com/item.htm?from=cart&id=654310678238&mi_id=00004nese5LBflJgCkv9DZ1tUt3AsMV1Gq-Nvco1K0j5vE4&skuId=4721897821415&spm=a1z0d.6639537%2F202410.item.d654310678238.bb3974849IjuHR&upStreamPrice=4990</a>""><a href=""https://item.taobao.com/item.htm?from=cart&id=654310678238&mi_id=00004nese5LBflJgCkv9DZ1tUt3AsMV1Gq-Nvco1K0j5vE4&skuId=4721897821415&spm=a1z0d.6639537%2F202410.item.d654310678238.bb3974849IjuHR&upStreamPrice=4990"">https://item.taobao.com/item.htm?from=cart&id=654310678238&mi_id=00004nese5LBflJgCkv9DZ1tUt3AsMV1Gq-Nvco1K0j5vE4&skuId=4721897821415&spm=a1z0d.6639537%2F202410.item.d654310678238.bb3974849IjuHR&upStreamPrice=4990</a></a>"
695c386b2a4e1cd21b2f52f1,战术背心通用型MOLLE系统手机导航面板包胸口PDA包户外多功能胸包,Active,0,"<a href=""https://&amp;lt;a href=&quot;https://&lt;a href=&quot;https://item.taobao.com/item.htm?from=cart&amp;id=713575933395&amp;mi_id=0000Ioctrdmpsm2YWVx9qguSAWyBxZk7-bl7BaZP1cDmo7o&amp;skuId=5165586446648&amp;spm=a1z0d.6639537%2F202410.item.d713575933395.bb3974849IjuHR&amp;upStreamPrice=5500&quot;&gt;https://item.taobao.com/item.htm?from=cart&amp;id=713575933395&amp;mi_id=0000Ioctrdmpsm2YWVx9qguSAWyBxZk7-bl7BaZP1cDmo7o&amp;skuId=5165586446648&amp;spm=a1z0d.6639537%2F202410.item.d713575933395.bb3974849IjuHR&amp;upStreamPrice=5500&lt;/a&gt;&quot;&gt;&lt;a href=&quot;https://item.taobao.com/item.htm?from=cart&amp;id=713575933395&amp;mi_id=0000Ioctrdmpsm2YWVx9qguSAWyBxZk7-bl7BaZP1cDmo7o&amp;skuId=5165586446648&amp;spm=a1z0d.6639537%2F202410.item.d713575933395.bb3974849IjuHR&amp;upStreamPrice=5500&quot;&gt;https://item.taobao.com/item.htm?from=cart&amp;id=713575933395&amp;mi_id=0000Ioctrdmpsm2YWVx9qguSAWyBxZk7-bl7BaZP1cDmo7o&amp;skuId=5165586446648&amp;spm=a1z0d.6639537%2F202410.item.d713575933395.bb3974849IjuHR&amp;upStreamPrice=5500&lt;/a&gt;"">&lt;a href=""https://<a href=""https://item.taobao.com/item.htm?from=cart&id=713575933395&mi_id=0000Ioctrdmpsm2YWVx9qguSAWyBxZk7-bl7BaZP1cDmo7o&skuId=5165586446648&spm=a1z0d.6639537%2F202410.item.d713575933395.bb3974849IjuHR&upStreamPrice=5500"">https://item.taobao.com/item.htm?from=cart&id=713575933395&mi_id=0000Ioctrdmpsm2YWVx9qguSAWyBxZk7-bl7BaZP1cDmo7o&skuId=5165586446648&spm=a1z0d.6639537%2F202410.item.d713575933395.bb3974849IjuHR&upStreamPrice=5500</a>""><a href=""https://item.taobao.com/item.htm?from=cart&id=713575933395&mi_id=0000Ioctrdmpsm2YWVx9qguSAWyBxZk7-bl7BaZP1cDmo7o&skuId=5165586446648&spm=a1z0d.6639537%2F202410.item.d713575933395.bb3974849IjuHR&upStreamPrice=5500"">https://item.taobao.com/item.htm?from=cart&id=713575933395&mi_id=0000Ioctrdmpsm2YWVx9qguSAWyBxZk7-bl7BaZP1cDmo7o&skuId=5165586446648&spm=a1z0d.6639537%2F202410.item.d713575933395.bb3974849IjuHR&upStreamPrice=5500</a></a>"
695c386bc3a1704a56735c48,战术多功能手雷模型装备包 手榴弹道具molle同尺寸弹力收纳附件包,Active,0,"<a href=""https://&amp;lt;a href=&quot;https://&lt;a href=&quot;https://item.taobao.com/item.htm?from=cart&amp;id=911159245418&amp;mi_id=0000DamQMBEF6SyVICsEt2DG6Og9Pw3bSp_zFH2LgajJo4Y&amp;skuId=5940060162282&amp;spm=a1z0d.6639537%2F202410.item.d911159245418.5b4b74841fAyC5&amp;upStreamPrice=3190&quot;&gt;https://item.taobao.com/item.htm?from=cart&amp;id=911159245418&amp;mi_id=0000DamQMBEF6SyVICsEt2DG6Og9Pw3bSp_zFH2LgajJo4Y&amp;skuId=5940060162282&amp;spm=a1z0d.6639537%2F202410.item.d911159245418.5b4b74841fAyC5&amp;upStreamPrice=3190&lt;/a&gt;&quot;&gt;&lt;a href=&quot;https://item.taobao.com/item.htm?from=cart&amp;id=911159245418&amp;mi_id=0000DamQMBEF6SyVICsEt2DG6Og9Pw3bSp_zFH2LgajJo4Y&amp;skuId=5940060162282&amp;spm=a1z0d.6639537%2F202410.item.d911159245418.5b4b74841fAyC5&amp;upStreamPrice=3190&quot;&gt;https://item.taobao.com/item.htm?from=cart&amp;id=911159245418&amp;mi_id=0000DamQMBEF6SyVICsEt2DG6Og9Pw3bSp_zFH2LgajJo4Y&amp;skuId=5940060162282&amp;spm=a1z0d.6639537%2F202410.item.d911159245418.5b4b74841fAyC5&amp;upStreamPrice=3190&lt;/a&gt;"">&lt;a href=""https://<a href=""https://item.taobao.com/item.htm?from=cart&id=911159245418&mi_id=0000DamQMBEF6SyVICsEt2DG6Og9Pw3bSp_zFH2LgajJo4Y&skuId=5940060162282&spm=a1z0d.6639537%2F202410.item.d911159245418.5b4b74841fAyC5&upStreamPrice=3190"">https://item.taobao.com/item.htm?from=cart&id=911159245418&mi_id=0000DamQMBEF6SyVICsEt2DG6Og9Pw3bSp_zFH2LgajJo4Y&skuId=5940060162282&spm=a1z0d.6639537%2F202410.item.d911159245418.5b4b74841fAyC5&upStreamPrice=3190</a>""><a href=""https://item.taobao.com/item.htm?from=cart&id=911159245418&mi_id=0000DamQMBEF6SyVICsEt2DG6Og9Pw3bSp_zFH2LgajJo4Y&skuId=5940060162282&spm=a1z0d.6639537%2F202410.item.d911159245418.5b4b74841fAyC5&upStreamPrice=3190"">https://item.taobao.com/item.htm?from=cart&id=911159245418&mi_id=0000DamQMBEF6SyVICsEt2DG6Og9Pw3bSp_zFH2LgajJo4Y&skuId=5940060162282&spm=a1z0d.6639537%2F202410.item.d911159245418.5b4b74841fAyC5&upStreamPrice=3190</a></a>"
695c386c713127c9649e5abe,战术激光灯PEQ15RedGreen镭射指示器沃德森M300/M600手电Dual控鼠尾Set,Active,0,"<a href=""https://&amp;lt;a href=&quot;https://&lt;a href=&quot;https://item.taobao.com/item.htm?_u=o20bch12k131fe&amp;id=678253192936&amp;spm=a1z09.2.0.0.60532e8ddrfDyH&quot;&gt;https://item.taobao.com/item.htm?_u=o20bch12k131fe&amp;id=678253192936&amp;spm=a1z09.2.0.0.60532e8ddrfDyH&lt;/a&gt;&quot;&gt;&lt;a href=&quot;https://item.taobao.com/item.htm?_u=o20bch12k131fe&amp;id=678253192936&amp;spm=a1z09.2.0.0.60532e8ddrfDyH&quot;&gt;https://item.taobao.com/item.htm?_u=o20bch12k131fe&amp;id=678253192936&amp;spm=a1z09.2.0.0.60532e8ddrfDyH&lt;/a&gt;"">&lt;a href=""https://<a href=""https://item.taobao.com/item.htm?_u=o20bch12k131fe&id=678253192936&spm=a1z09.2.0.0.60532e8ddrfDyH"">https://item.taobao.com/item.htm?_u=o20bch12k131fe&id=678253192936&spm=a1z09.2.0.0.60532e8ddrfDyH</a>""><a href=""https://item.taobao.com/item.htm?_u=o20bch12k131fe&id=678253192936&spm=a1z09.2.0.0.60532e8ddrfDyH"">https://item.taobao.com/item.htm?_u=o20bch12k131fe&id=678253192936&spm=a1z09.2.0.0.60532e8ddrfDyH</a></a>"
695c386cce97e160f99e13f7,雅科达jpc 6094 cpc AVS战术背心水壶插板内胆降温防护板通用PE板,Active,0,"<a href=""https://&amp;lt;a href=&quot;https://&lt;a href=&quot;https://item.taobao.com/item.htm?from=cart&amp;id=678305010387&amp;mi_id=00007lVgcAfxAaLtMw5QoeOnvyoHNYPZquvJBGBUuBuGqaA&amp;skuId=5042246591190&amp;spm=a1z0d.6639537%2F202410.item.d678305010387.6c8b7484YUvCoG&amp;upStreamPrice=6900&quot;&gt;https://item.taobao.com/item.htm?from=cart&amp;id=678305010387&amp;mi_id=00007lVgcAfxAaLtMw5QoeOnvyoHNYPZquvJBGBUuBuGqaA&amp;skuId=5042246591190&amp;spm=a1z0d.6639537%2F202410.item.d678305010387.6c8b7484YUvCoG&amp;upStreamPrice=6900&lt;/a&gt;&quot;&gt;&lt;a href=&quot;https://item.taobao.com/item.htm?from=cart&amp;id=678305010387&amp;mi_id=00007lVgcAfxAaLtMw5QoeOnvyoHNYPZquvJBGBUuBuGqaA&amp;skuId=5042246591190&amp;spm=a1z0d.6639537%2F202410.item.d678305010387.6c8b7484YUvCoG&amp;upStreamPrice=6900&quot;&gt;https://item.taobao.com/item.htm?from=cart&amp;id=678305010387&amp;mi_id=00007lVgcAfxAaLtMw5QoeOnvyoHNYPZquvJBGBUuBuGqaA&amp;skuId=5042246591190&amp;spm=a1z0d.6639537%2F202410.item.d678305010387.6c8b7484YUvCoG&amp;upStreamPrice=6900&lt;/a&gt;"">&lt;a href=""https://<a href=""https://item.taobao.com/item.htm?from=cart&id=678305010387&mi_id=00007lVgcAfxAaLtMw5QoeOnvyoHNYPZquvJBGBUuBuGqaA&skuId=5042246591190&spm=a1z0d.6639537%2F202410.item.d678305010387.6c8b7484YUvCoG&upStreamPrice=6900"">https://item.taobao.com/item.htm?from=cart&id=678305010387&mi_id=00007lVgcAfxAaLtMw5QoeOnvyoHNYPZquvJBGBUuBuGqaA&skuId=5042246591190&spm=a1z0d.6639537%2F202410.item.d678305010387.6c8b7484YUvCoG&upStreamPrice=6900</a>""><a href=""https://item.taobao.com/item.htm?from=cart&id=678305010387&mi_id=00007lVgcAfxAaLtMw5QoeOnvyoHNYPZquvJBGBUuBuGqaA&skuId=5042246591190&spm=a1z0d.6639537%2F202410.item.d678305010387.6c8b7484YUvCoG&upStreamPrice=6900"">https://item.taobao.com/item.htm?from=cart&id=678305010387&mi_id=00007lVgcAfxAaLtMw5QoeOnvyoHNYPZquvJBGBUuBuGqaA&skuId=5042246591190&spm=a1z0d.6639537%2F202410.item.d678305010387.6c8b7484YUvCoG&upStreamPrice=6900</a></a>"
695c386dfb902a401ff739d9,P1N23456789/ZY通用进出气阀扳手钥匙拆装工具不锈钢,Active,0,"<a href=""https://&amp;lt;a href=&quot;https://&lt;a href=&quot;https://item.taobao.com/item.htm?_u=o20bch12k1a0f4&amp;id=859285997780&quot;&gt;https://item.taobao.com/item.htm?_u=o20bch12k1a0f4&amp;id=859285997780&lt;/a&gt;&quot;&gt;&lt;a href=&quot;https://item.taobao.com/item.htm?_u=o20bch12k1a0f4&amp;id=859285997780&quot;&gt;https://item.taobao.com/item.htm?_u=o20bch12k1a0f4&amp;id=859285997780&lt;/a&gt;"">&lt;a href=""https://<a href=""https://item.taobao.com/item.htm?_u=o20bch12k1a0f4&id=859285997780"">https://item.taobao.com/item.htm?_u=o20bch12k1a0f4&id=859285997780</a>""><a href=""https://item.taobao.com/item.htm?_u=o20bch12k1a0f4&id=859285997780"">https://item.taobao.com/item.htm?_u=o20bch12k1a0f4&id=859285997780</a></a>"
695c386d12bb85c5f23c085e,俄罗斯小Green人搭配防尘防雾战术防风骑行军迷户外头套Khaki色Green,Active,0,"<a href=""https://&amp;lt;a href=&quot;https://&lt;a href=&quot;https://item.taobao.com/item.htm?_u=o20bch12k1bff3&amp;id=723563903640&quot;&gt;https://item.taobao.com/item.htm?_u=o20bch12k1bff3&amp;id=723563903640&lt;/a&gt;&quot;&gt;&lt;a href=&quot;https://item.taobao.com/item.htm?_u=o20bch12k1bff3&amp;id=723563903640&quot;&gt;https://item.taobao.com/item.htm?_u=o20bch12k1bff3&amp;id=723563903640&lt;/a&gt;"">&lt;a href=""https://<a href=""https://item.taobao.com/item.htm?_u=o20bch12k1bff3&id=723563903640"">https://item.taobao.com/item.htm?_u=o20bch12k1bff3&id=723563903640</a>""><a href=""https://item.taobao.com/item.htm?_u=o20bch12k1bff3&id=723563903640"">https://item.taobao.com/item.htm?_u=o20bch12k1bff3&id=723563903640</a></a>"
