id,name,price_cny,price_cad,margin,status
695c3971bd3270258c79281f,Black / Small,28,17.99,28.70,Active
695c39711d735f55f7810591,Black / Large,31,18.99,29.00,Active
695c39712bad95469c8f8d75,Tan / Short,28,17.99,28.70,Active
695c397028a735d44710eca8,Tan / Small,28,17.99,28.70,Active
695c39701e9722c9bf368aeb,Tan / Large,31,18.99,29.00,Active
695c39702a4e1cd21b3772c5,OD Green / Short,28,17.99,28.70,Active
695c396f1e9722c9bf3670c1,OD Green / Small,28,17.99,28.70,Active
695c396f9f7a567135572c92,OD Green / Large,31,18.99,29.00,Active
695c396eb3a75d879c6d4215,7-Color Luminous Suppressor - FDE,185,67.99,29.90,Active
695c396e8b911985b170ecbb,7-Color Luminous Suppressor - Black,185,67.99,29.90,Active
695c396d8b911985b170e7c0,"Specifications: Compatible with DJI, Insta360, and other universal adapter interfaces",158,59.99,30.50,Active
695c396d9b81574973a9ba2a,FDE NGD FPS,158,59.99,30.50,Active
695c396d28a735d44710b60c,Black NGD FPS,158,59.99,30.50,Active
695c396c9f7a567135570da7,OD Green Goggle Set (1 Lens),58,27.99,30.30,Active
695c396cce97e160f9a7bc13,Tan Goggle Set (1 Lens),58,27.99,30.30,Active
695c396c3b00921b6acb7fc4,Black Goggle Set (1 Lens),58,27.99,30.30,Active
695c396b9f7a567135570811,OD Green Goggle Set (3 Lenses),85,35.99,29.30,Active
695c396b1e9722c9bf361647,Tan Goggle Set (3 Lenses),85,35.99,29.30,Active
695c396ace1739befd606027,Black Goggle Set (3 Lenses),85,35.99,29.30,Active
695c396afb902a401f01d16d,Black (Anti-Fog),115,45.99,30.10,Active
695c396ace1739befd605669,Tan - UNITY EXPS,38,21.99,31.20,Active
695c3969a1a7215250411853,Tan Low Profile - UNITY FAST,68,30.99,29.90,Active
695c396912bb85c5f2423291,Black Low Profile - UNITY FAST,68,30.99,29.90,Active
695c3969ce1739befd6035bc,Tan High Profile - UNITY FAST,68,30.99,29.90,Active
695c3968f7c4633092c175a1,Black High Profile - UNITY FAST,68,30.99,29.90,Active
695c39682a4e1cd21b36e42d,FDE High Profile - GBRS Hydra Mount,128,49.99,29.90,Active
695c39683b63f2dd23973d33,Black High Profile - GBRS Hydra Mount,128,49.99,29.90,Active
695c39675dd70f968409657f,Tan Low Profile - GBRS Hydra Mount,128,49.99,29.90,Active
695c39672bad95469c8f5418,Black Low Profile - GBRS Hydra Mount,128,49.99,29.90,Active
695c3966e6dc40497345de88,MST2011 Mount - Silver,84,35.99,29.80,Active
695c39661e9722c9bf35c516,MST2011 Mount - Gold,84,35.99,29.80,Active
695c39668b911985b1702a7d,MST2011 Mount (Engraved) - Silver,84,35.99,29.80,Active
695c39653b63f2dd2397083c,MST2011 Mount (Engraved) - Black,84,35.99,29.80,Active
695c39653b63f2dd239707ad,MST2011 Mount (Engraved) - Grey,84,35.99,29.80,Active
695c3965c3a1704a567b3b78,Midland MIL Dual Plug - Z-Tactical Compatible Only,50,24.99,29.20,Active
695c39641d735f55f780b8c7,Icom IC Dual Plug - Z-Tactical Compatible Only,88,36.99,29.40,Active
695c3964713127c964aea801,Yaesu YA Single Plug - Z-Tactical Compatible Only,88,36.99,29.40,Active
695c3964713127c964aea23d,Motorola M2 Dual Plug - Z-Tactical Compatible Only,50,24.99,29.20,Active
695c3963b3a75d879c6d0066,Motorola M1 Single Plug - Z-Tactical Compatible Only,88,36.99,29.40,Active
695c3963bd3270258c78cd05,"Kenwood Connector, compatible only with Z-Tactical",50,24.99,29.20,Active
695c3963f7c4633092c137f4,One Size / Full MC Camo Set (85-125cm),233,82.99,29.80,Active
695c3962713127c964ae65b2,One Size / Full Khaki Set (85-125cm),233,82.99,29.80,Active
695c39623f54f8d4dc74d750,One Size / Full OD Green Set (85-125cm),233,82.99,29.80,Active
695c39618b911985b16fdf0e,One Size / Full Black Set (85-125cm),233,82.99,29.80,Active
695c3961fb902a401f01897a,CP Camo,16,14.99,31.70,Active
695c39609f7a567135567b62,Cordura Coyote Brown CB,53,25.99,29.30,Active
695c3960612ae4b6298824d8,Cordura Ranger Green RG,53,25.99,29.30,Active
695c3960ce97e160f9a715ca,Cordura Wolf Grey WG,53,25.99,29.30,Active
695c395f1d735f55f780836d,Cordura Black BK,53,25.99,29.30,Active
695c395fa1a721525040d69e,Cordura Night Camo BCP,63,28.99,29.00,Active
695c395f37eef90c93e9a288,Cordura MC Camo CP Camo,63,28.99,29.00,Active
695c395ef7c4633092c12cfb,"For sets or models, please contact customer service or visit the store.",25,16.99,28.50,Active
695c395e612ae4b62987e604,Smoke Grenade Single Pendant [Tan],54,26.99,30.90,Active
695c395ebd3270258c78c2a3,Smoke Grenade Single Pendant [Black],25,16.99,28.50,Active
695c395bfc2883b56427225d,Grenade Single Pendant [Tan],25,16.99,28.50,Active
695c395ae6dc40497345a194,Grenade Single Pendant [Black],25,16.99,28.50,Active
695c395aa1a72152504063a2,Wrench + 2 Sets O-rings,800,262.99,30.00,Active
695c3959e4ecfd80d0fd6894,Tan,1000,325.99,30.00,Active
695c3959bde2c63e6cecf1a0,Black,23,16.99,30.70,Active
695c3959612ae4b62987a1a2,"Grey-Black Knee, Elbow, and Palm Pads (110-150 lbs)",700,230.99,30.00,Active
695c3958612ae4b62987a11e,Unbranded Black Knee Pads (110-160 lbs),700,230.99,30.00,Active
695c3958bde2c63e6cecdf52,Kufeng Knee Pads & Elbow Pads 150-210,700,230.99,30.00,Active
695c3958913f62399c0d8faa,"L Adult (105.5-125 kg) / 1 pc Honeycomb Extended Sports Arm Sleeve, White",27,17.99,29.80,Active
695c3957aae7b5b062027f61,"L Adult (105.5-125 kg) / 1 pc Honeycomb Extended Sports Arm Sleeve, Black",27,17.99,29.80,Active
695c3957f7c4633092c0de3d,"M Adult (85.5-105 kg) / 2 pcs Honeycomb Extended Sports Arm Sleeve, White",27,17.99,29.80,Active
695c3956bde2c63e6ceca669,"Size M (Adult, 188-231 lbs) / 2 Honeycomb Extended Sports Arm Sleeves, Black",27,17.99,29.80,Active
695c3956e4ecfd80d0fd548a,"Size S (Adult, 166-187 lbs) / 2 Honeycomb Extended Sports Arm Sleeves, White",27,17.99,29.80,Active
695c39551d735f55f780354d,"Size S (Adult, 166-187 lbs) / 2 Honeycomb Extended Sports Arm Sleeves, Black",27,17.99,29.80,Active
695c395537eef90c93e8d67f,"Size XS (Adult, 133-165 lbs) / 1 Honeycomb Extended Sports Arm Sleeve, White",27,17.99,29.80,Active
695c3955612ae4b629877a6d,"Size XS (Adult, 133-165 lbs) / 2 Honeycomb Extended Sports Arm Sleeves, Black",27,17.99,29.80,Active
695c3954e6dc40497345a0f1,"Size XXS (Adult, 99-132 lbs) / 2 Honeycomb Extended Sports Arm Sleeves, White",27,17.99,29.80,Active
695c3954aae7b5b062025e2d,Tan - Full Function Red Laser + M300A + Constant On Dual Control Pressure Switch Included Battery + Charger,1000,325.99,30.00,Active
695c39546e9e39d7e3aad369,Black - Full Function Red Laser + M300A + Constant On Dual Control Pressure Switch Included Battery + Charger,1000,325.99,30.00,Active
695c39533b00921b6acae44a,Tan - Full Function Green Laser + M600C + Pressure Switch Included Battery + Charger,1000,325.99,30.00,Active
695c39538b911985b16e77c5,Black - Full Function Green Laser + M300A + Pressure Switch Included Battery + Charger,1000,325.99,30.00,Active
695c39523b63f2dd239689b2,Tan - Full Function Red Laser + M600C + Pressure Switch Included Battery + Charger,1000,325.99,30.00,Active
695c3952e6dc40497345711f,Black - Full Function Red Laser + M600C + Pressure Switch Included Battery + Charger,1000,325.99,30.00,Active
695c3952612ae4b629874cab,Black - Full Function Red Laser + M300A + Pressure Switch Included Battery + Charger,1000,325.99,30.00,Active
695c3951bd3270258c78c215,One Size Fits All / Ruin Green Camo + Shoulder Straps,16,14.99,31.70,Active
695c3951713127c964ad6f9c,One Size Fits All / CP Camo + Shoulder Straps,16,14.99,31.70,Active
695c3950713127c964ad5c43,One Size Fits All / Khaki + Shoulder Straps,16,14.99,31.70,Active
695c39509f7a567135552cca,One Size Fits All / Army Green + Shoulder Straps,16,14.99,31.70,Active
695c3950612ae4b62987247d,One Size Fits All / Black + Shoulder Straps,16,14.99,31.70,Active
695c394f612ae4b62986ff51,One Size Fits All / Ruin Camo,16,14.99,31.70,Active
695c394e8b911985b16e0c4e,One Size Fits All / CP Camo,16,14.99,31.70,Active
695c394ece97e160f9a678ae,One Size Fits All / Khaki,16,14.99,31.70,Active
695c394e713127c964ad1652,One Size Fits All / Army Green,16,14.99,31.70,Active
695c394dce97e160f9a67555,One Size Fits All / Black,16,14.99,31.70,Active
695c394dfb902a401f00cfb5,Black BK (Standard Model),100,40.99,29.70,Active
695c394c913f62399c0d472d,20MM Rail Cable Management [Blue x3],600,198.99,29.80,Active
695c394c9f7a5671355504db,20MM Rail Cable Management [Red x3],600,198.99,29.80,Active
695c394afc2883b56426e5f9,20MM Rail Cable Management [Black x3],600,198.99,29.80,Active
695c3949713127c964acbdf0,20MM Rail Cable Management [Blue x1],600,198.99,29.80,Active
695c39489f7a56713554ab88,20MM Rail Cable Management [Tan x1],600,198.99,29.80,Active
695c3948fb902a401f00728c,20MM Rail Cable Management [Green x3],600,198.99,29.80,Active
695c39482a4e1cd21b35eb45,Golden Grip / Blackhawk 2011 Viper (AQK Spring-Powered Model Compatible),37,20.99,29.40,Active
695c39472a4e1cd21b35e653,Gold Handle / Blue Whale WK Viper 2011,37,20.99,29.40,Active
695c39479cd3039a827d6dba,Gold Handle / Lucifer 2011,37,20.99,29.40,Active
695c39469f7a56713554773a,Gold Handle / JMT Viper 2011,37,20.99,29.40,Active
695c39468b911985b16d3d57,Gold Handle / Tomato Viper 2011,100,40.99,29.70,Active
695c394528a735d4470fb973,Gold Handle / Japan Marui hi–capa,37,20.99,29.40,Active
695c3945713127c964ac67ca,Red Handle / Black Hawk 2011 Viper (AQK Manual Slide Model Compatible),37,20.99,29.40,Active
695c3945713127c964ac5d9a,Red Handle / Blue Whale WK Viper 2011,37,20.99,29.40,Active
695c3944713127c964ac5bfd,Red Handle / Lucifer 2011,37,20.99,29.40,Active
695c39449f7a567135544dca,Red Handle / JMT Viper 2011,100,40.99,29.70,Active
695c3943fb902a401f002eac,Red Handle / Tomato Viper 2011,37,20.99,29.40,Active
695c3943ce97e160f9a5cd93,Red Handle / Japan Marui hi–capa,37,20.99,29.40,Active
695c39421ad01942adc9fdac,Titanium Grey Handle / Black Hawk 2011 Viper (AQK Manual Slide Model Compatible),37,20.99,29.40,Active
695c3942c71160ba198c6846,Titanium Grey Handle / Blue Whale WK Viper 2011,37,20.99,29.40,Active
695c394228a735d4470f763b,Titanium Grey Handle / Lucifer 2011,37,20.99,29.40,Active
695c3941c71160ba198c67c3,Titanium Grey Handle / JMT Viper 2011,37,20.99,29.40,Active
695c39419cd3039a827d5e39,Titanium Grey Handle / Tomato Viper 2011,37,20.99,29.40,Active
695c39411e9722c9bf353d44,Titanium Grey Handle / Japan Marui hi–capa,100,40.99,29.70,Active
695c394012bb85c5f241bddf,Black Handle / Black Hawk 2011 Viper (AQK Manual Slide Model Compatible),37,20.99,29.40,Active
695c3940913f62399c0c95f8,Black Handle / Blue Whale WK Viper 2011,37,20.99,29.40,Active
695c393f9f7a56713553d7e9,Black Handle / Lucifer 2011,37,20.99,29.40,Active
695c393ffb902a401fffca22,Black Handle / JMT Viper 2011,37,20.99,29.40,Active
695c393f2a4e1cd21b354916,Black Handle / Tomato Viper 2011,37,20.99,29.40,Active
695c393ebde2c63e6cea6c58,Black Grip / Japan Marui Hi-Capa,37,20.99,29.40,Active
695c393e9cd3039a827d0606,Silver Grip / 2011 Viper (Compatible with AQK Manual Pull Models),37,20.99,29.40,Active
695c393ece97e160f9a55949,Silver Grip / WK Viper 2011,100,40.99,29.70,Active
695c393dbde2c63e6cea5fe6,Silver Grip / Lucifer 2011,37,20.99,29.40,Active
695c393dce97e160f9a54380,Silver Grip / JMT Viper 2011,37,20.99,29.40,Active
695c393c713127c964abd36d,Silver Grip / Viper 2011,37,20.99,29.40,Active
695c393cc71160ba198c4c2e,Silver Grip / Japan Marui Hi-Capa,100,40.99,29.70,Active
695c393cc71160ba198c4b5b,Parallel Clip - Universal One Size Fits All / Short,6,10.99,27.80,Active
695c393b1d735f55f77f91ef,Parallel Clip - Universal One Size Fits All / Small,6,10.99,27.80,Active
695c393b3b00921b6aca5db7,Black-OD Green / Short,28,17.99,28.70,Active
695c393b6e9e39d7e3aa4b64,Black-OD Green / Small,28,17.99,28.70,Active
695c393a9cd3039a827ce54e,Black-OD Green / Large,31,18.99,29.00,Active
695c393a1d735f55f77f7892,Black-Red / Short,28,17.99,28.70,Active
695c393a6e9e39d7e3aa3b3b,Black-Red / Small,28,17.99,28.70,Active
695c3939c71160ba198c2108,Black-Red / Large,31,18.99,29.00,Active
695c3939ce97e160f9a4c967,Black-Mud / Short,28,17.99,28.70,Active
695c39382bad95469c8ebcc0,Black-Mud / Small,28,17.99,28.70,Active
695c39383b63f2dd239664f4,Black-Mud / Large,31,18.99,29.00,Active
695c3938f7c4633092c05c18,Ranger Green / Short,28,17.99,28.70,Active
695c3937fb902a401fff78b2,Ranger Green / Small,28,17.99,28.70,Active
695c39371e9722c9bf34a1e9,Ranger Green / Large,31,18.99,29.00,Active
695c39372bad95469c8e92f8,Black / Short,28,17.99,28.70,Active
695c3936913f62399c0c2b65,BlackBlack / Small,28,17.99,28.70,Active
695c3936c71160ba198c04c7,BlackBlack / Large,31,18.99,29.00,Active
695c3936fb902a401fff782e,DETan / Short,28,17.99,28.70,Active
695c3935e6dc40497344529e,DETan / Small,28,17.99,28.70,Active
695c3935713127c964ab4ace,DETan / Large,31,18.99,29.00,Active
695c3935f7c4633092c03482,Olive Drab军Green / Short,28,17.99,28.70,Active
695c3934f7c4633092c033fb,Olive Drab军Green / Small,28,17.99,28.70,Active
695c39341d735f55f77eecda,Olive Drab军Green / Large,31,18.99,29.00,Active
695c3933ce1739befd5eda5d,Honeycomb Rainbow Tracer Suppressor,225,80.99,30.20,Active
695c39332bad95469c8e6e41,Oppressor Rainbow Tracer Suppressor,225,80.99,30.20,Active
695c39332bad95469c8e625b,Rainbow SLR Tracer Suppressor,185,67.99,29.90,Active
695c3931fc2883b564267038,Flamethrower Pig Tracer Suppressor,135,51.99,29.70,Active
695c392f2bad95469c8e463c,GoldBrown-UNITY EXPS,38,21.99,31.20,Active
695c392e612ae4b62985bcf9,Black-UNITY EXPS,38,21.99,31.20,Active
695c392efb902a401fff474c,GoldBrownLow Profile-UNITY FAST,68,30.99,29.90,Active
695c392d8b911985b16af07a,BlackLow Profile-UNITY FAST,68,30.99,29.90,Active
695c392d713127c964aadee8,GoldBrown高款-UNITY FAST,68,30.99,29.90,Active
695c392d9b81574973a8d325,Black高款-UNITY FAST,68,30.99,29.90,Active
695c392cce97e160f9a3ae42,Sand高款-GBRS Hydra Mount九头蛇,128,49.99,29.90,Active
695c392cfb902a401fff2231,Black高款-GBRS Hydra Mount九头蛇,128,49.99,29.90,Active
695c392be6dc404973435e73,GoldBrownLow Profile-GBRS Hydra Mount九头蛇,128,49.99,29.90,Active
695c392bce1739befd5e1698,BlackLow Profile-GBRS Hydra Mount九头蛇,128,49.99,29.90,Active
695c392a3b00921b6ac9e54d,MST2011井Silver,84,35.99,29.80,Active
695c392ace97e160f9a39755,MST2011井-Gold,84,35.99,29.80,Active
695c392af7c4633092bf62c0,MST2011井（刻字款）-Silver,84,35.99,29.80,Active
695c3929f7c4633092bf6239,MST2011井（刻字款）-Black,84,35.99,29.80,Active
695c3929f7c4633092bf6008,MST2011井（刻字款）-Grey,84,35.99,29.80,Active
695c3929612ae4b6298570f9,MST2011 Magwell (Eng,56,26.99,29.50,Active
695c39281e9722c9bf340b91,MST2011 Base Plate - Grey,56,26.99,29.50,Active
695c39281e9722c9bf3408b8,MST2011 Base Plate - Red,56,26.99,29.50,Active
695c3928c71160ba198bd893,MST2011 Base Plate - Silver,56,26.99,29.50,Active
695c3927bde2c63e6ce94869,MST2011 Base Plate - Black,56,26.99,29.50,Active
695c39279f7a567135526636,OD Green - One Piece,69,30.99,29.30,Active
695c3926ce1739befd5de858,Orange - One Piece,69,30.99,29.30,Active
695c39264e794334fd8f9088,Tan - One Piece,69,30.99,29.30,Active
695c39261e9722c9bf33d739,Black - One Piece,69,30.99,29.30,Active
695c3925bde2c63e6ce934c1,Leg Rig Panel,62,28.99,29.70,Active
695c39252bad95469c8d76c7,Chest Rig Panel,25,16.99,28.50,Active
695c39242bad95469c8d75b3,Belt Buckle,18,14.99,29.20,Active
695c39243b63f2dd23959a77,Black (Standard),56,26.99,29.50,Active
695c3924bd3270258c77b56b,Black - SLR Riser Mount,38,21.99,31.20,Active
695c3923fb902a401ffe5e3c,Black - SIG Riser Mount,38,21.99,31.20,Active
695c3923fb902a401ffe5047,"Blue - UNIT Exps Riser Mount, CNC High Quality",24,16.99,29.60,Active
695c3920fc2883b564263493,"Pink - UNIT Exps Riser Mount, CNC High Quality",24,16.99,29.60,Active
695c391f9f7a56713551ca6a,Red - UNIT Exps Riser Mount,20,15.99,30.60,Active
695c391f6e9e39d7e3a93329,Brown - UNIT Exps Riser Mount CNC High Quality,20,15.99,30.60,Active
695c391e28a735d4470eb57a,Black - UNIT Exps Riser Mount CNC High Quality,20,15.99,30.60,Active
695c391ec71160ba198b3892,Black - UNITY Riser Mount CNC High Quality,28,17.99,28.70,Active
695c391ea1a72152503f25dc,Brown - G33 Riser Mount CNC High Quality,145,54.99,29.50,Active
695c391d1ad01942adc93ea8,Black - G33 Riser Mount CNC High Quality,145,54.99,29.50,Active
695c391d2a4e1cd21b3537dd,Small Square / 20cm,24,16.99,29.60,Active
695c391d9f7a56713551a4cd,[Cordura] Black CP Camo BCP,36,20.99,30.30,Active
695c391cc3a1704a56798cfd,[Cordura] CP Camo,36,20.99,30.30,Active
695c391c3b00921b6ac976f2,[Cordura] Ranger Green RG,32,19.99,31.10,Active
695c391bf7c4633092bee80f,[Cordura] Wolf Grey WG,32,19.99,31.10,Active
695c391b1ad01942adc928e3,[Cordura] Coyote Brown CB,32,19.99,31.10,Active
695c391be6dc404973429a60,[Cordura] Black BK,32,19.99,31.10,Active
695c391ab3a75d879c6bc7d9,XL / Quick-Release D-Ring Pouch,48,24.99,30.70,Active
695c391a37eef90c93e778a3,XL / Water Bottle Pouch,58,27.99,30.30,Active
695c391a9f7a567135516561,XL / Radio Pouch,45,23.99,30.60,Active
695c39198b911985b1692d5c,XL / Admin Pouch,55,26.99,30.20,Active
695c39182bad95469c8d1363,XL / Quick-release Universal Pistol Holster,58,27.99,30.30,Active
695c3918bd3270258c775f35,XL / Side-Opening Quick-Release Locking Pepper Spray Holster,48,24.99,30.70,Active
695c39182bad95469c8d033e,XL / Side-Opening Quick-Release Locking Flashlight Holster,48,24.99,30.70,Active
695c3917f7c4633092bead01,XL / Side-Opening Quick-Release Locking Baton Holster,48,24.99,30.70,Active
695c3917b3a75d879c6b6fb0,XL / Quick-release 92/92G Double Retention Holster,65,29.99,29.80,Active
695c3917c3a1704a56796013,XL / Outer Belt + Battle Belt + Inner Belt,145,54.99,29.50,Active
695c3916e6dc4049734252ec,XL / Outer Belt + Battle Belt,107,42.99,29.50,Active
695c39162bad95469c8cc065,XL / Battle Belt,65,29.99,29.80,Active
695c391637eef90c93e7480f,"XL / Quick-release Locking Baton, Spray, Flashlight 3-Piece Set",120,46.99,29.30,Active
695c391537eef90c93e74786,"XL / Quick-release Locking Baton, Spray, Flashlight, Pistol Holster 4-Piece Set",160,59.99,29.80,Active
695c3915ce1739befd5cc2cb,XL / Set A,202,72.99,29.60,Active
695c39144e794334fd8f4057,L / Quick-release D-Ring Pouch,48,24.99,30.70,Active
695c39143b00921b6ac937bd,L / Water Bottle Pouch,58,27.99,30.30,Active
695c391437eef90c93e728d6,L / Radio Pouch,45,23.99,30.60,Active
695c3913ce1739befd5c9bc2,L / Document Pouch,55,26.99,30.20,Active
695c391312bb85c5f2410e33,L / Quick-release Universal Pistol Holster,58,27.99,30.30,Active
695c391228a735d4470de109,L / Side-opening Quick-release Locking Spray Holster,48,24.99,30.70,Active
695c39122a4e1cd21b34b387,L / Side-opening Quick-release Locking Flashlight Holster,48,24.99,30.70,Active
695c3911ce1739befd5c5a38,L / Side-opening Quick-release Locking Baton Holster,48,24.99,30.70,Active
695c3911a1a72152503ea92a,L / Quick-release 92/92G Double Retention Holster,65,29.99,29.80,Active
695c39112a4e1cd21b348ea5,L / Outer Belt + Duty Belt + Inner Belt,145,54.99,29.50,Active
695c3910c71160ba198a7eed,L / Outer Belt + Duty Belt,107,42.99,29.50,Active
695c3910f7c4633092be1ada,L / Duty Belt,65,29.99,29.80,Active
695c390f913f62399c0a71d4,"L / Quick-release Locking Baton, Spray, Flashlight 3-Piece Set",120,46.99,29.30,Active
695c390f8b911985b1684741,"L / Quick-release Locking Baton, Spray, Flashlight, Pistol Holster 4-Piece Set",160,59.99,29.80,Active
695c390fcd0d752739305fb0,L / Set A,202,72.99,29.60,Active
695c390ec3a1704a5678d225,M / Quick-Release D-Ring Pouch,48,24.99,30.70,Active
695c390e8b911985b16822b7,M / Water Bottle Pouch,58,27.99,30.30,Active
695c390d3b00921b6ac8efdd,M / Radio Pouch,45,23.99,30.60,Active
695c390d913f62399c0a49bd,M / Quick-release Universal Pistol Holster,58,27.99,30.30,Active
695c390dcd0d752739304d0c,M / Side-Opening Quick-Release Locking Pepper Spray Holster,48,24.99,30.70,Active
695c390c713127c964a8b8ac,M / Side-Opening Quick-Release Locking Flashlight Holster,48,24.99,30.70,Active
695c390c713127c964a8b3b2,M / Side-Opening Quick-Release Locking Baton Holster,48,24.99,30.70,Active
695c390c713127c964a8aaea,M / Quick-release 92/92G Double Retention Holster,65,29.99,29.80,Active
695c390b8b911985b167d8b5,M / Outer Belt + Battle Belt + Inner Belt,145,54.99,29.50,Active
695c390b9b81574973a7ee8d,M / Outer Belt + Battle Belt,107,42.99,29.50,Active
695c390a9b81574973a7ed31,M / Battle Belt,65,29.99,29.80,Active
695c390acd0d75273930355b,"M / Quick-release Locking Baton, Spray, Flashlight 3-Piece Set",120,46.99,29.30,Active
695c390a2bad95469c8bf814,"M / Quick-release Locking Baton, Spray, Flashlight, Pistol Holster 4-Piece Set",160,59.99,29.80,Active
695c3909b3a75d879c6ae9f2,M / Set A,202,72.99,29.60,Active
695c3909e6dc40497341ca9f,S / Quick-Release D-Ring Pouch,48,24.99,30.70,Active
695c39092bad95469c8bf00d,S / Water Bottle Pouch,58,27.99,30.30,Active
695c39086e9e39d7e3a8c037,S / Radio Pouch,45,23.99,30.60,Active
695c3908ce1739befd5b93a8,S / Quick-release Universal Pistol Holster,58,27.99,30.30,Active
695c3908913f62399c0a3676,S / Quick-release 92/92G Double Retention Holster,65,29.99,29.80,Active
695c3907f4bf2f7ec15d11cb,One Size / Water Bottle Pouch,58,27.99,30.30,Active
695c3907bd3270258c76c9be,One Size / Radio Pouch,45,23.99,30.60,Active
695c39068b911985b1673de4,One Size / Document Pouch,55,26.99,30.20,Active
695c39061d735f55f77e2aa1,One Size / Quick Release Universal Handcuff Pouch,58,27.99,30.30,Active
695c39051d735f55f77e1821,L / QD 92/92G Dual Retention Holster,65,29.99,29.80,Active
695c3905b3a75d879c6ab038,L / Duty Belt + Duty Belt Pad + Inner Belt,145,54.99,29.50,Active
695c3905f4bf2f7ec15cf8cb,L / Duty Belt + Duty Belt Pad,107,42.99,29.50,Active
695c3904ce1739befd5b2244,L / Duty Belt Pad,65,29.99,29.80,Active
695c39043b00921b6ac87b46,"L / QD Locking Baton, Pepper Spray, Flashlight 3-piece Set",120,46.99,29.30,Active
695c3904c71160ba198a675a,"L / QD Locking Baton, Pepper Spray, Flashlight, Handcuff 4-piece Set",160,59.99,29.80,Active
695c3903e6dc404973417ee5,L / Type A Set,202,72.99,29.60,Active
695c3903bde2c63e6ce8ba21,M / QD D-ring Pouch,48,24.99,30.70,Active
695c3903b3a75d879c6a7ab3,M / Canteen Pouch,58,27.99,30.30,Active
695c39028b911985b166ee83,M / Admin Pouch,55,26.99,30.20,Active
695c39022bad95469c8bef87,M / Quick Release Universal Handcuff Pouch,58,27.99,30.30,Active
695c39012bad95469c8bd235,M / Side Opening Quick Release Locking Spray Pouch,48,24.99,30.70,Active
695c3901ce1739befd5ad72a,M / Side Opening Quick Release Locking Flashlight Pouch,48,24.99,30.70,Active
695c3900bd3270258c769125,M / Side Opening Quick Release Locking Baton Pouch,48,24.99,30.70,Active
695c3900e3d1a0c371bdb52c,M / Quick Release 92/92G Double Retention Holster,65,29.99,29.80,Active
695c3900c71160ba198a2ee7,M / Outer Duty Belt + Duty Belt Pad + Inner Belt,145,54.99,29.50,Active
695c38ffcd0d7527392ffb9f,M / Outer Duty Belt + Duty Belt Pad,107,42.99,29.50,Active
695c38ff9b81574973a75754,M / Duty Belt Pad,65,29.99,29.80,Active
695c38ff2bad95469c8bad56,"M / Quick Release Locking Baton, Spray, Flashlight Pouch 3-Piece Set",120,46.99,29.30,Active
695c38fee6dc404973414f94,"M / Quick Release Locking Baton, Spray, Flashlight, Handcuff Pouch 4-Piece Set",160,59.99,29.80,Active
695c38feb3a75d879c6a18df,M / Style A Set,202,72.99,29.60,Active
695c38fd9b81574973a73eb1,S / Quick Release D-Clip Pouch,48,24.99,30.70,Active
695c38fdc71160ba198a07f1,S / Canteen Pouch,58,27.99,30.30,Active
695c38fd3b63f2dd239498c4,S / Admin Pouch,55,26.99,30.20,Active
695c38fc6e9e39d7e3a844da,S / Quick Release Universal Handcuff Pouch,58,27.99,30.30,Active
695c38fcc71160ba1989f0bb,S / Side Opening Quick Release Locking Spray Pouch,48,24.99,30.70,Active
695c38fbcd0d7527392fc98a,S / Side Opening Quick Release Locking Flashlight Pouch,48,24.99,30.70,Active
695c38fb9f7a5671354f6625,S / Side Opening Quick Release Locking Baton Pouch,48,24.99,30.70,Active
695c38fbb3a75d879c69f142,S / Quick Release 92/92G Double Retention Holster,65,29.99,29.80,Active
695c38facd0d7527392fbb0f,S / Outer Duty Belt + Duty Belt Pad + Inner Belt,145,54.99,29.50,Active
695c38fae3d1a0c371bd951a,S / Outer Duty Belt + Duty Belt Pad,107,42.99,29.50,Active
695c38fa2bad95469c8b8ad0,S / Duty Belt Pad,65,29.99,29.80,Active
695c38f95dd70f9684079b04,"S / Quick Release Locking Baton, Spray, Flashlight Pouch 3-Piece Set",120,46.99,29.30,Active
695c38f99cd3039a827a9c9a,"S / Quick Release Locking Baton, Spray, Flashlight, Handcuff Pouch 4-Piece Set",160,59.99,29.80,Active
695c38f89cd3039a827a9c10,S / Style A Set,202,72.99,29.60,Active
695c38f82bad95469c8b8335,One Size / Quick Release D-Clip Pouch,48,24.99,30.70,Active
695c38f8f7c4633092bd1f22,One Size / Canteen Pouch,58,27.99,30.30,Active
695c38f7612ae4b629841487,One Size,55,26.99,30.20,Active
695c38f75dd70f96840799f2,One Size Fits All / Quick Release Universal Handcuff Pouch,58,27.99,30.30,Active
695c38f7713127c964a70e43,One Size Fits All / Side Opening Quick Release Locking OC Spray Holster,48,24.99,30.70,Active
695c38f62a4e1cd21b3455c7,One Size Fits All / Side Opening Quick Release Locking Flashlight Holster,48,24.99,30.70,Active
695c38f6612ae4b6298405ed,One Size Fits All / Side Opening Quick Release Locking Baton Holster,48,24.99,30.70,Active
695c38f52a4e1cd21b344030,One Size Fits All / Quick Release 92/92G Dual Retention Belt Holster,65,29.99,29.80,Active
695c38f4e4ecfd80d0fc257a,"One Size Fits All / Quick Release Locking Baton, OC Spray, Flashlight Pouch 3-Piece Set",120,46.99,29.30,Active
695c38f41e9722c9bf3301e0,"One Size Fits All / Quick Release Locking Baton, OC Spray, Flashlight, Handcuff Pouch 4-Piece Set",160,59.99,29.80,Active
695c38ee9cd3039a827a54df,Headband Style – Pickup & Noise Reduction Version (Green),295,102.99,30.00,Margins Added
695c38eece1739befd59652c,Headband Style – Pickup & Noise Reduction Version (Tan),295,102.99,30.00,Margins Added
695c38ed1d735f55f77d089d,Headband Style – Pickup & Noise Reduction Version (Black),295,102.99,30.00,Margins Added
695c38ed3b00921b6ac84499,Headband Style – No Pickup Version (Green),158,59.99,30.50,Margins Added
695c38ec2a4e1cd21b33f481,Headband Style – No Pickup Version (Tan),158,59.99,30.50,Margins Added
695c38ecc71160ba1988f6d5,Headband Style – No Pickup Version (Black),158,59.99,30.50,Margins Added
695c38eb3b63f2dd2393f47f,Helmet-Mounted – Pickup & Noise Reduction Version (Green),330,113.99,30.00,Margins Added
695c38ebc71160ba1988e808,Helmet-Mounted – Pickup & Noise Reduction Version (Tan),330,113.99,30.00,Margins Added
695c38eb1d735f55f77cdbaf,Helmet-Mounted – Pickup & Noise Reduction Version (Black),330,113.99,30.00,Margins Added
695c38ea1d735f55f77cd6b8,Helmet-Mounted – No Pickup Version (Green),158,59.99,30.50,Margins Added
695c38ea1d735f55f77cd459,Helmet-Mounted – No Pickup Version (Tan),158,59.99,30.50,Margins Added
695c38ea12bb85c5f24015aa,Helmet-Mounted – No Pickup Version (Black),158,59.99,30.50,Margins Added
695c38e1713127c964a54994,Gray 6094,57,27.99,30.90,Margins Added
695c38e1913f62399c092cf6,Jungle Python Camo 6094,57,27.99,30.90,Margins Added
695c38e0913f62399c092c73,ACU Camo 6094,57,27.99,30.90,Margins Added
695c38e05dd70f96840697d1,CP Camo 6094,57,27.99,30.90,Margins Added
695c38df713127c964a50943,Tiger Stripe Camo 6094,57,27.99,30.90,Margins Added
695c38dfce1739befd589b18,Night Camo 6094,57,27.99,30.90,Margins Added
695c38dee3d1a0c371bcba9c,Tri-Sand Camo 6094,57,27.99,30.90,Margins Added
695c38de913f62399c0912de,Sand 6094,66,29.99,29.20,Margins Added
695c38de8b911985b163c3cf,OD Green 6094,57,27.99,30.90,Margins Added
695c38dd1ad01942adc6c031,Desert Python Camo 6094,57,27.99,30.90,Margins Added
695c38ddd745a52eda0dbdfd,Desert Digital Camo 6094,57,27.99,30.90,Margins Added
695c38dcc71160ba198840ca,Black Python Camo 6094,57,27.99,30.90,Margins Added
695c38dce3d1a0c371bc9795,Black 6094,57,27.99,30.90,Margins Added
695c38d8bd3270258c75e029,MC Camo – Full Set (85–125 cm),233,82.99,29.80,Margins Added
695c38d8913f62399c08bcfa,Khaki – Full Set (85–125 cm),233,82.99,29.80,Margins Added
695c38d81d735f55f77be26a,OD Green – Full Set (85–125 cm),233,82.99,29.80,Margins Added
695c38d7ce1739befd585146,Black – Full Set (85–125 cm),233,82.99,29.80,Margins Added
695c38d71d735f55f77bdeb6,One Size,233,82.99,29.80,Archive
695c38d62a4e1cd21b33892d,BCP,45,23.99,30.60,Active
695c38d5fc2883b56424738c,CP,49,24.99,29.90,Active
695c38d34e794334fd8e56fa,Ranger Green,16,14.99,31.70,Active
695c38d328a735d4470c0038,Wolf Grey,45,23.99,30.60,Active
695c38d228a735d4470bfb45,Coyote Brown,45,23.99,30.60,Active
695c38d23f54f8d4dc729e88,Matte Black,16,14.99,31.70,Active
695c38cbf7c4633092bb493b,M18 Medium (OD Green) – Reusable,13,13.99,31.60,Active
695c38cae4ecfd80d0faa635,2-Pack (M24 OD Green + M24 Black),44,22.99,28.80,Active
695c38ca28a735d4470bb19d,2-Pack (M26A1 OD Green + M26A1 Black),32,19.99,31.10,Active
695c38c928a735d4470ba82f,2-Pack (F1 OD Green + F1 Black),32,19.99,31.10,Active
695c38c93f54f8d4dc720269,2-Pack (M18 OD Green + M18 Black),32,19.99,31.10,Active
695c38c8e3d1a0c371bbb080,2-Pack (M67 OD Green + M67 Black),32,19.99,31.10,Active
695c38c89cd3039a8278c4a1,2-Pack (MF36 OD Green + MF36 Black),32,19.99,31.10,Active
695c38c73f54f8d4dc71dc54,2-Pack (82-2 OD Green + 82-2 Black),32,19.99,31.10,Active
695c38c76e9e39d7e3a74c36,M24 (Black) – Reusable,23,16.99,30.70,Active
695c38c61d735f55f77b512d,M24 (OD Green) – Reusable,23,16.99,30.70,Active
695c38c61e9722c9bf32bafb,M26A1 (Black) – Reusable,17,14.99,30.40,Active
695c38c6f4bf2f7ec15c2779,M26A1 (OD Green) – Reusable,17,14.99,30.40,Active
695c38c5f4bf2f7ec15c1a45,F1 (Black) – Reusable,17,14.99,30.40,Active
695c38c59f7a5671354d0acb,F1 (OD Green) – Reusable,17,14.99,30.40,Active
695c38c42bad95469c89b5f1,M18 (Black) – Reusable,17,14.99,30.40,Active
695c38c412bb85c5f23f95e7,M18 (OD Green) – Reusable,17,14.99,30.40,Active
695c38c3cd0d7527392ed836,M67 (Black) – Reusable,17,14.99,30.40,Active
695c38c39b81574973a58905,M67 (OD Green) – Reusable,17,14.99,30.40,Active
695c38c2f7c4633092bb11f7,82-2 (Black) – Reusable,17,14.99,30.40,Active
695c38c1c71160ba198771c9,82-2 (OD Green) – Reusable,17,14.99,30.40,Active
695c38c19cd3039a82784a91,MF36 (Black) – Reusable,17,14.99,30.40,Active
695c38c0ce97e160f9a16319,MF36 (Green) – Reusable,17,14.99,30.40,Active
695c38c028a735d4470b6a09,M26 (Black) – Reusable,17,14.99,30.40,Active
695c38c01ad01942adc608f5,MF36 (Black) – Reusable,17,14.99,30.40,Active
695c38be1ad01942adc5ee58,2-Pack (M26 OD Green + M26 Black),32,19.99,31.10,Active
695c38be4e794334fd8dba38,4-Pack (M26 OD Green + M67 OD Green + M18 OD Green + M24 OD Green),73,32.99,30.70,Active
695c38ba4e794334fd8d4011,Black Pink,43,22.99,29.70,Inactive
695c38b91e9722c9bf3227e2,Black White,43,22.99,29.70,Inactive
695c38b9bd3270258c74b1cb,Grey Black - 80-110lb,43,22.99,29.70,Inactive
695c38b84e794334fd8d2a14,Grey Black - 150-210lb,43,22.99,29.70,Inactive
695c38b8aae7b5b062ff5ca1,Grey Black - 110-150lb,43,22.99,29.70,Inactive
695c38b7d745a52eda0c962d,No Label Black - 150-210lb,43,22.99,29.70,Active
695c38b78b911985b1618e41,No Label Black - 110-160lb,43,22.99,29.70,Inactive
695c38b69cd3039a8277b15b,No Label Black - 80-110lb,43,22.99,29.70,Inactive
695c38b637eef90c93e4c491,No Label - 80-110lb,43,22.99,29.70,Inactive
695c38b6bd3270258c7495a8,No Label - 110-150lb,43,22.99,29.70,Inactive
695c38b59f7a5671354c2d6f,No Label - 150-210lb,43,22.99,29.70,Inactive
695c38b4bde2c63e6ce6e994,Cool Peak Knee Elbow - 80-110lb,43,22.99,29.70,Active
695c38b4e6dc4049733ebcd4,Cool Peak Knee Elbow - 110-150lb,43,22.99,29.70,Inactive
695c38b3bd3270258c74806c,Cool Peak Knee Elbow - 150-210lb,43,22.99,29.70,Inactive
695c38b3a1a72152503c47d3,1x Extended Honeycomb Sports Arm Sleeve – White,14,13.99,30.20,Active
695c38b33f54f8d4dc709525,2× Extended Honeycomb Sports Arm Sleeves – White,30,18.99,30.00,Active
695c38b2913f62399c073cf4,1x Extended Honeycomb Sports Arm Sleeve – Black,14,13.99,30.20,Active
695c38b22a4e1cd21b325594,2× Extended Honeycomb Sports Arm Sleeves – Black,30,18.99,30.00,Active
695c38b13b63f2dd2391b23f,Size L – For 105–125 kg,14,13.99,30.20,Inactive
695c38b13b63f2dd2391a446,Size M – For 85–105 kg,14,13.99,30.20,Inactive
695c38b13b63f2dd23919b4a,Size S – For 75–85 kg,30,18.99,30.00,Inactive
695c38b0bd3270258c74514b,Size XS – For 60–75 kg,14,13.99,30.20,Inactive
695c38b01e9722c9bf31e918,Size XXS – For 45–60 kg,14,13.99,30.20,Inactive
695c38a1612ae4b62980fc90,Black BK Velcro,10,12.99,31.50,Active
695c38a11e9722c9bf3161d9,Black BK Standard,10,12.99,31.50,Active
695c38a0a1a72152503bcc48,20MM Rail Cable Organizer Mixed Color 5 Pieces,40,21.99,29.50,Unprofitable
695c38a0f7c4633092b9e7b3,20MM Rail Cable Organizer Green 3 Pieces,25,16.99,28.50,Unprofitable
695c38a0c3a1704a567536b3,20MM Rail Cable Organizer Blue 3 Pieces,25,16.99,28.50,Unprofitable
695c389f913f62399c065332,20MM Rail Cable Organizer Red 3 Pieces,25,16.99,28.50,Unprofitable
695c389ec71160ba1985ef14,20MM Rail Cable Organizer Sand 3 Pieces,25,16.99,28.50,Unprofitable
695c389d1e9722c9bf313ebd,20MM Rail Cable Organizer Black 3 Pieces,25,16.99,28.50,Unprofitable
695c389d3b63f2dd2390d6a1,20MM Rail Cable Organizer Green 1 Piece,9,11.99,28.20,Unprofitable
695c389cbd3270258c73694f,20MM Rail Cable Organizer Blue 1 Piece,9,11.99,28.20,Unprofitable
695c389cc3a1704a56750ba0,20MM Rail Cable Organizer Red 1 Piece,9,11.99,28.20,Unprofitable
695c389bbd3270258c734922,20MM Rail Cable Organizer Sand 1 Piece,9,11.99,28.20,Unprofitable
695c389bce1739befd55a764,20MM Rail Cable Organizer Black 1 Piece,9,11.99,28.20,Unprofitable
695c389bbde2c63e6ce5aaab,20MM Rail Cable Organizer Green 3 Pieces,25,16.99,28.50,Unprofitable
695c389a713127c964a11c00,2011 Waist MOLLE Belt + Leg Straps,88,36.99,29.40,Active
695c389a28a735d447096f74,2011 Waist MOLLE Belt Holster Light-Bearing,78,33.99,29.60,Active
695c389a4e794334fd8c1c24,2011 Thigh-Mounted Holster Light-Bearing,98,40.99,30.70,Active
695c38993f54f8d4dc6f7ffa,Outer Belt,12,12.99,28.60,Archive
695c38992bad95469c87f84c,Outer Belt + 2011 Quick-Draw Holster Light-Bearing + Double Magazine Pouch,106,42.99,29.90,Archive
695c3898cd0d7527392cdc67,Outer Belt + 2011 Quick-Draw Holster Light-Bearing + Single Magazine Pouch,88,36.99,29.40,Archive
695c38987b5e8150a9ee103c,Outer Belt + 2011 Quick-Draw Holster Light-Bearing,70,31.99,30.60,Archive
695c3898bd3270258c732bc3,2011 Quick-Draw Holster Light-Bearing,58,27.99,30.30,Active
695c3897b3a75d879c65300a,2011 Double Magazine Pouch,36,20.99,30.30,Active
695c38976e9e39d7e3a5b4ab,2011 Single Magazine Pouch,18,14.99,29.20,Active
695c3894e6dc4049733dbb53,Gold柄,37,20.99,29.40,Margins Added
695c3894c71160ba19855fa8,Green柄,37,20.99,29.40,Margins Added
695c3893612ae4b629806ce4,紫柄,37,20.99,29.40,Margins Added
695c389312bb85c5f23d7722,Red柄,37,20.99,29.40,Margins Added
695c3893ce97e160f99f406f,钛Grey柄,37,20.99,29.40,Margins Added
695c389228a735d44708d902,Silver柄,37,20.99,29.40,Margins Added
695c388b9cd3039a8275de42,7彩夜光消音Sand,185,67.99,29.90,Active
695c388b4e794334fd8b7e94,7彩夜光消音Black,185,67.99,29.90,Active
695c388a3b63f2dd238ffe07,规格说明：适用大疆及影石等通用转接接口,158,59.99,30.50,Active
695c388ae6dc4049733d6bd9,NGD FPSSand,158,59.99,30.50,Active
695c38895dd70f9684035383,NGD FPSBlack,158,59.99,30.50,Active
695c38899f7a5671354a92a4,Olive Drab军Green风镜1 Set（1 pc镜片）,58,27.99,30.30,Active
695c3888e3d1a0c371b8fb0f,TTan风镜1 Set（1 pc镜片）,58,27.99,30.30,Active
695c3888e4ecfd80d0f7d596,BlackBlack风镜1 Set（1 pc镜片）,58,27.99,30.30,Active
695c38872bad95469c872322,Olive Drab军Green风镜1 Set（三块镜片）,85,35.99,29.30,Active
695c3887b3a75d879c64342b,TTan风镜1 Set（三块镜片）,85,35.99,29.30,Active
695c3886e6dc4049733d5555,BlackBlack风镜1 Set（三块镜片）,85,35.99,29.30,Active
695c3886612ae4b6297fd345,BlackBlack（除雾器）,115,45.99,30.10,Active
695c38855dd70f96840323db,Coyote Brown - UNITY EXPS,38,21.99,31.20,Margins Added
695c3885bd3270258c720dc5,Black - UNITY EXPS,38,21.99,31.20,Active
695c3884cd0d7527392c112a,Coyote Brown Tall - UNITY FAST,128,49.99,29.90,Margins Added
695c38842bad95469c86dcb0,Black Tall - UNITY FAST,68,30.99,29.90,Margins Added
695c388312bb85c5f23cb14d,Sand Tall - GBRS Hydra Mount,128,49.99,29.90,Margins Added
695c38833b00921b6ac3df52,Black Tall - GBRS Hydra Mount,128,49.99,29.90,Margins Added
695c3882ce97e160f99ecfec,Coyote Brown Short - GBRS Hydra Mount,128,49.99,29.90,Margins Added
695c38824e794334fd8b154c,Black Short - GBRS Hydra Mount,128,49.99,29.90,Margins Added
695c38825dd70f968402f2ae,MST2011 Well# - Black,56,26.99,29.50,Unprofitable
695c3881ce1739befd5475a3,MST2011 Well# - Silver,56,26.99,29.50,Unprofitable
695c3881ce97e160f99eae33,MST2011 Well# - Gold,56,26.99,29.50,Unprofitable
695c38812a4e1cd21b306d97,MST2011 Well# (Engraved) - Silver,56,26.99,29.50,Unprofitable
695c3880bde2c63e6ce46d97,MST2011 Well# (Engraved) - Black,56,26.99,29.50,Unprofitable
695c38803b00921b6ac3a86a,MST2011 Well# (Engraved) - Grey,56,26.99,29.50,Unprofitable
695c387fb3a75d879c638871,MST2011 Well# (Engraved) - Red,56,26.99,29.50,Unprofitable
695c387fb3a75d879c6379b2,MST2011 Base Cover - Grey,56,26.99,29.50,Unprofitable
695c387fe6dc4049733cf7e7,MST2011 Base Cover - Red,56,26.99,29.50,Unprofitable
695c387ebd3270258c71aec5,MST2011 Base Cover - Silver,56,26.99,29.50,Unprofitable
695c387eb3a75d879c6371db,MST2011 Base Cover - Black,56,26.99,29.50,Unprofitable
695c387cbde2c63e6ce443f1,Leg Panel,18,14.99,29.20,Active
695c387c37eef90c93e1d8a7,Chest Rig Plate,40,21.99,29.50,Active
695c387be4ecfd80d0f76912,Belt Clip,18,14.99,29.20,Active
695c387b3b00921b6ac333be,Black Standard,25,16.99,28.50,Active
695c3870e4ecfd80d0f6f144,Small Square,24,16.99,29.60,Active
